StartDate,EndDate,Status,Progress,Duration (in seconds),Finished,RecordedDate,ResponseId,DistributionChannel,UserLanguage,consent_q,attn_1,attn_2,Annotated_Capability_1,Annotated_Trust_1_1,Annotated_Why,Unannotated_Capability_1,Unannotated_Trust_1_1,Unannotat_Why,comp_images,comp_pedestrian,AI_Familiarity_1,Visual_Familiarity_1,gender,gender_5_TEXT,age,education,education_8_TEXT,income
Start Date,End Date,Response Type,Progress,Duration (in seconds),Finished,Recorded Date,Response ID,Distribution Channel,User Language,Do you consent?,This is an attention check. John is taller than Paul. Who is shorter?,"What color is grass?

The fresh, uncut grass, not leaves or hay. Please make sure to select purple, so that we know you're paying attention.","In this image, the pedestrian on the right does not intend to cross the road. 

Please rate the extent to which you agree with the following statement: 

Based on what this autonomous vehicle sees above, I believe it can detect that the pedestrian on the right does not intend to cross the road. - 1","Based on what this autonomous vehicle sees above, I trust that it will behave appropriately around the pedestrian on the right in this image. - 1",Please explain your answers to the questions above:,"In this image, the pedestrian on the left does intend to cross the road. 

Please rate the extent to which you agree with the following statement: 

Based on what this autonomous vehicle sees above, I believe it can detect that the pedestrian on the left does intend to cross the road. - 1","Based on what this autonomous vehicle sees above, I trust that it will behave appropriately around the pedestrian on the left in this image. - 1",Please explain your answers to the questions above:,"According to what you read, the image showed annotations from software used in...",Which pedestrian were you asked about?,How familiar are you with artificial intelligence? - 1,How familiar are you with explainable AI visual annotations? - 1,What is your gender? - Selected Choice,What is your gender? - Other (please specify) - Text,What is your age (in years)?,What is the highest level of education you have completed? - Selected Choice,What is the highest level of education you have completed? - Other (please specify) - Text,"Think of this ladder as representing where people stand in the United States. At the top of the ladder are the people who have the most money, most education, and most respected jobs. At the bottom are the people who have the least money, least education, and least respected jobs or no job. The higher up you are on this ladder, the closer you are to the people at the very top, and the lower you are, the closer you are to the people at the very bottom. 





Where would you place yourself on this ladder? Please select the rung where you think you stand at this time in your life, relative to other people in the United States."
"{""ImportId"":""startDate"",""timeZone"":""America/Denver""}","{""ImportId"":""endDate"",""timeZone"":""America/Denver""}","{""ImportId"":""status""}","{""ImportId"":""progress""}","{""ImportId"":""duration""}","{""ImportId"":""finished""}","{""ImportId"":""recordedDate"",""timeZone"":""America/Denver""}","{""ImportId"":""_recordId""}","{""ImportId"":""distributionChannel""}","{""ImportId"":""userLanguage""}","{""ImportId"":""QID19""}","{""ImportId"":""QID20""}","{""ImportId"":""QID21""}","{""ImportId"":""QID3_1""}","{""ImportId"":""QID42_1""}","{""ImportId"":""QID40_TEXT""}","{""ImportId"":""QID45_1""}","{""ImportId"":""QID46_1""}","{""ImportId"":""QID47_TEXT""}","{""ImportId"":""QID23""}","{""ImportId"":""QID48""}","{""ImportId"":""QID32_1""}","{""ImportId"":""QID33_1""}","{""ImportId"":""QID26""}","{""ImportId"":""QID26_5_TEXT""}","{""ImportId"":""QID28_TEXT""}","{""ImportId"":""QID29""}","{""ImportId"":""QID29_8_TEXT""}","{""ImportId"":""QID30""}"
2/9/24 14:49,2/9/24 14:50,0,100,64,1,2/9/24 14:50,R_5jQ2wqn1PgsX4dz,anonymous,EN,1,1,2,48,49,I have no idea whether they want to cross the road or not,,,,1,2,66,45,3,,39,5,,11
2/9/24 14:49,2/9/24 14:50,0,100,91,1,2/9/24 14:50,R_3zk0ruszTxde3p9,anonymous,EN,1,1,2,,,,6,7,"It does not recognize the person, and I do not think it suddenly will, I think this person will be hit.",1,1,56,19,1,,34,3,,11
2/9/24 14:49,2/9/24 14:50,0,100,96,1,2/9/24 14:50,R_5pMQI8O1EGGqtJM,anonymous,EN,1,1,2,,,,88,88,The diagram and image reflects this ability. I think it would be able to detect,1,1,89,13,1,,54,4,,11
2/9/24 14:49,2/9/24 14:50,0,100,97,1,2/9/24 14:50,R_5P6WGMoxQ21DeP1,anonymous,EN,1,1,2,100,100,the person is not moving and has their back to the street,,,,1,2,69,22,1,,63,4,,12
2/9/24 14:49,2/9/24 14:50,0,100,59,1,2/9/24 14:50,R_3In0mYSc72tYJei,anonymous,EN,1,1,2,,,,50,50,It's complicated to me and I don't trust the AI not to make a mistake or malfunction frankly.,1,1,72,24,1,,36,3,,14
2/9/24 14:49,2/9/24 14:51,0,100,104,1,2/9/24 14:51,R_3n2PKhyg8OMtv0l,anonymous,EN,1,1,2,48,38,The pedestrian can change which direction they are facing and their posture at any moment.,,,,1,2,77,59,2,,28,4,,15
2/9/24 14:49,2/9/24 14:51,0,100,111,1,2/9/24 14:51,R_5ELLbnIM9Tvxl3I,anonymous,EN,1,1,2,,,,82,82,"it seems smart enough to detect him. I think it will not make a mistake,",1,1,65,56,1,,42,4,,12
2/9/24 14:49,2/9/24 14:51,0,100,102,1,2/9/24 14:51,R_35R9WCbIjJrHHC0,anonymous,EN,1,1,2,,,,38,31,It doesnt have the person outlined in the picture. ,1,1,79,65,2,,38,3,,12
2/9/24 14:49,2/9/24 14:51,0,100,116,1,2/9/24 14:51,R_3b0DIsz2QTQ4l2v,anonymous,EN,1,1,2,50,50,There isn't really a way to tell since Humans don't behave like machines.,,,,1,2,30,30,1,,41,1,,15
2/9/24 14:49,2/9/24 14:51,0,100,134,1,2/9/24 14:51,R_3EzGkgrJ4n8H35k,anonymous,EN,1,1,2,,,,50,0,"It does not have the pedestrian labeled, but the pedestrian is within the crosswalk that is labeled - so I don't know how it will react.",1,1,60,40,1,,41,3,,14
2/9/24 14:49,2/9/24 14:51,0,100,118,1,2/9/24 14:51,R_61NxhvWPGgSdEZr,anonymous,EN,1,1,2,,,,91,86,it can tell that the person is in the street so can probably tell they will cross,1,1,29,23,2,,36,1,,12
2/9/24 14:49,2/9/24 14:51,0,100,102,1,2/9/24 14:51,R_710yg5rSb90KMIr,anonymous,EN,1,1,2,50,50,The person on the right is noticed by the system but it's not clear how they will treat the person or what they assume about them.,,,,1,2,61,49,4,,36,4,,13
2/9/24 14:49,2/9/24 14:51,0,100,139,1,2/9/24 14:51,R_1Lce6WE1FIC5xYL,anonymous,EN,1,1,2,50,49,"I have no idea if he wants to cross the street.  He could turn around and do just that, I need to be prepared for that.",,,,1,2,24,22,2,,50,4,,9
2/9/24 14:49,2/9/24 14:51,0,100,134,1,2/9/24 14:51,R_3rvpyzEOWovyFyg,anonymous,EN,1,1,2,,,,82,85,"I think it may be able to detect the forward movement the pedestrian is making, he is not in a idle stance.",1,1,76,50,1,,35,4,,11
2/9/24 14:49,2/9/24 14:51,0,100,146,1,2/9/24 14:51,R_65vx1RTIPkLYbqt,anonymous,EN,1,1,2,,,,15,30,The camera does not indicate the human on the left is entering the crosswalk ,1,1,72,50,1,,31,1,,13
2/9/24 14:49,2/9/24 14:51,0,100,151,1,2/9/24 14:51,R_3rvCLdVcCi0H2Qz,anonymous,EN,1,1,2,,,,79,83,I think that the vehicle has the programming to recognize these things,1,1,71,70,2,,59,4,,11
2/9/24 14:49,2/9/24 14:51,0,100,154,1,2/9/24 14:51,R_5Q2rSCZEEjrZ0Wd,anonymous,EN,1,1,2,18,100,"It's marked that the AI sees it, but I don't think the AI can know the person's intent to cross or not to cross just by recognizing that it's human.",,,,1,2,71,30,2,,43,5,,12
2/9/24 14:49,2/9/24 14:51,0,100,163,1,2/9/24 14:51,R_1TvfGCA0gHy30cH,anonymous,EN,1,1,2,,,,9,3,"The person on the left is not highlighted, suggesting that the car does not see this person.",1,1,70,9,1,,48,4,,14
2/9/24 14:49,2/9/24 14:52,0,100,160,1,2/9/24 14:52,R_3JjVNxeVOWvzYPQ,anonymous,EN,1,1,2,,,,24,25,"If the car has already identified so many objects, the pedestrian should already be identified as well.",1,1,64,55,1,,47,4,,14
2/9/24 14:49,2/9/24 14:52,0,100,143,1,2/9/24 14:52,R_63fwya6NNThUoc9,anonymous,EN,1,1,2,,,,100,100,"The pedestrian on the left has his foot out in a way that he appears to be wanting to cross the street, so I trust the AI to act appropriately in that case.",1,1,15,0,1,,31,3,,13
2/9/24 14:50,2/9/24 14:52,0,100,106,1,2/9/24 14:52,R_6rqMPADBLpnhY3X,anonymous,EN,1,1,2,,,,100,100,His body is facing the street and his legs are in a walking position,1,1,95,91,2,,45,4,,13
2/9/24 14:49,2/9/24 14:52,0,100,169,1,2/9/24 14:52,R_77sZtSmgmmM6Utb,anonymous,EN,1,1,2,,,,95,10,"In the first question, the AI doesn't have the pedestrian in a box (meaning that it hasn't recognized or acknowledged the person). Secondly, the pedestrian is pointed in the direction of the crosswalk and already has one foot in front of the other. ",1,1,90,60,2,,46,5,,10
2/9/24 14:49,2/9/24 14:52,0,100,176,1,2/9/24 14:52,R_6qfK1Wdm4tJ5g9Z,anonymous,EN,1,1,2,,,,30,32,"It recognizes everything else but not the person on the left. If it does not recognize the person, it will not react accordingly.",1,1,82,61,1,,29,4,,11
2/9/24 14:49,2/9/24 14:52,0,100,174,1,2/9/24 14:52,R_3knYgZPzkQAkn29,anonymous,EN,1,1,2,,,,81,80,"It is hard to tell, but I believe that an autonomous car should be able to tell those things.",1,1,79,80,2,,43,3,,13
2/9/24 14:49,2/9/24 14:52,0,100,165,1,2/9/24 14:52,R_3Gmrs1FK78FaKEp,anonymous,EN,1,1,2,75,75,"The person is facing away from the road and is at a standstill, but AI makes errors, so I cannot trust it fully.",,,,1,2,100,60,1,,33,1,,12
2/9/24 14:49,2/9/24 14:52,0,100,187,1,2/9/24 14:52,R_6eqSL8qUy9lFJ5L,anonymous,EN,1,1,2,30,40,The autonomous vehicle can not predict what the pedestrian will do. It can only use an algorithm to guess what they will do. It would be difficult to trust that the vehicle will behave appropriately.,,,,1,2,85,65,1,,52,4,,10
2/9/24 14:49,2/9/24 14:52,0,100,166,1,2/9/24 14:52,R_5AvYlELZtHhrw5P,anonymous,EN,1,1,2,,,,71,83,in my best opinion and i did my best knowledge feel very good,1,1,76,56,2,,33,5,,9
2/9/24 14:50,2/9/24 14:52,0,100,127,1,2/9/24 14:52,R_3NPyJ2NZKCgD9A1,anonymous,EN,1,1,2,,,,45,45,"It marked the person on the right, but it did not mark the person on the left, so I don't think the tech in place will do anything to stop for the person on the left. ",1,1,65,75,2,,33,4,,15
2/9/24 14:50,2/9/24 14:52,0,100,119,1,2/9/24 14:52,R_3gSDMuJbgLvv2yG,anonymous,EN,1,1,2,69,71,"It does not appear that the pedestrial on the right has the intention of crossing the street.  However, it is impossible to know for sure, so while I can be fairly confident, I can't say for certain./",,,,1,2,26,10,1,,44,2,,13
2/9/24 14:50,2/9/24 14:52,0,100,131,1,2/9/24 14:52,R_35GEDLc8YhYqBC2,anonymous,EN,1,1,2,,,,86,84,I would assume the car has been programmed to know a pedestrian in a crosswalk is in the act of crossing the street and that the car needs to avoid the human.,1,1,63,11,2,,39,4,,14
2/9/24 14:51,2/9/24 14:52,0,100,77,1,2/9/24 14:52,R_6ehlX0NbueldGVC,anonymous,EN,1,1,2,56,44,I think given the information provided it is the most logical answer. ,,,,1,1,54,57,1,,39,3,,14
2/9/24 14:50,2/9/24 14:52,0,100,100,1,2/9/24 14:52,R_6y2P7Up7l35FFD3,anonymous,EN,1,1,2,,,,60,63,The picture makes it confusing! I don't really understand what I am looking at. ,1,1,49,68,2,,34,4,,11
2/9/24 14:51,2/9/24 14:52,0,100,90,1,2/9/24 14:52,R_6Ngm1HL5yMSmmPn,anonymous,EN,1,1,2,,,,85,75,"The pedestrian is aligned with the crosswalk, so it can detect intent to cross. However, machines are not perfect, so there's always the chance for error.",1,1,75,75,1,,35,5,,12
2/9/24 14:50,2/9/24 14:52,0,100,158,1,2/9/24 14:52,R_7FAKPxb3kvsfZHX,anonymous,EN,1,1,2,,,,30,35,"The software didn't put a box around the person on the left and didn't tag them as a person, so I would be concerned about whether or not it would not hit them.",1,1,70,70,1,,48,1,,12
2/9/24 14:49,2/9/24 14:52,0,100,177,1,2/9/24 14:52,R_78HcagYPbaEKGS0,anonymous,EN,1,1,2,,,,92,92,"The person is already on the crosswalk, and the AI has noted it - so I believe it will behave appropriately and stop when the person is walking in front of the car",1,1,62,51,2,,32,4,,11
2/9/24 14:49,2/9/24 14:52,0,100,209,1,2/9/24 14:52,R_6k4UnRmhmqWMLw5,anonymous,EN,1,1,2,60,40,"I think it could possibly detect that the person doesn't intend to cross the road, but that doesn't mean other factors couldn't lead to the person getting into the road.",,,,1,2,50,20,2,,52,4,,12
2/9/24 14:50,2/9/24 14:52,0,100,158,1,2/9/24 14:52,R_3NDr5IeKtdsymYE,anonymous,EN,1,1,2,18,13,"It does not recognize the person crossing the street on the left, so I don't think it has the ability to detect these kinds of things and may not know how to react",,,,1,2,71,68,2,,22,3,,13
2/9/24 14:51,2/9/24 14:52,0,100,96,1,2/9/24 14:52,R_5g7t4JuOWEpetDk,anonymous,EN,1,1,2,,,,72,88,It appears to recognize and be aware of the pedestrian and its sensors seem vivid enough to notice that he is facing into the street,1,1,100,74,1,,33,2,,13
2/9/24 14:51,2/9/24 14:52,0,100,100,1,2/9/24 14:52,R_1efD0siJPh5YnuN,anonymous,EN,1,1,2,,,,0,0,It doesn't see the person on the left as there's no yellow box around it.,1,1,71,75,2,,34,5,,11
2/9/24 14:49,2/9/24 14:52,0,100,217,1,2/9/24 14:52,R_3OiWyIqtJYX9UCV,anonymous,EN,1,1,2,0,9,I don't see a box indicating that the software sees the  pedestrian at all.,,,,1,1,57,59,1,,39,3,,12
2/9/24 14:49,2/9/24 14:52,0,100,215,1,2/9/24 14:52,R_5vDZ4zVceUg2VSp,anonymous,EN,1,1,2,75,84,I feel it sees the person on the right but conflicted about whether the car know if he id crossing the street or not.,,,,1,2,66,18,2,,65,3,,14
2/9/24 14:50,2/9/24 14:53,0,100,167,1,2/9/24 14:53,R_6pdJlsTpN2Ljbah,anonymous,EN,1,1,2,,,,19,19,"There is no reason given why the car is not already identifying the person as ""person"" as the other person in the image is identified, which makes me think it may not see him at all.",1,1,9,8,1,,49,4,,14
2/9/24 14:49,2/9/24 14:53,0,100,205,1,2/9/24 14:53,R_3uQju0VDQ3eFMVH,anonymous,EN,1,1,2,75,55,I do not really trust AI to make predictions about people because people can react unexpectedly all of the time. However just by judging how his body and feel are positioned he is most likely not going to cross the street.,,,,1,2,55,60,1,,41,1,,16
2/9/24 14:50,2/9/24 14:53,0,100,159,1,2/9/24 14:53,R_72FlclxruRgQQ6P,anonymous,EN,1,1,2,,,,0,8,I don't think the AI on the car is able to tell whether the person is going to cross the street or stop.,1,1,81,71,2,,39,2,,10
2/9/24 14:49,2/9/24 14:53,0,100,233,1,2/9/24 14:53,R_648hHYbUKjNp5LU,anonymous,EN,1,1,2,75,85,The AI recognizes the pedestrian on the right as a person and I believe it would be able to recognize that the person is facing in the opposite direction.,,,,1,2,70,70,1,,60,3,,14
2/9/24 14:51,2/9/24 14:53,0,100,133,1,2/9/24 14:53,R_3KlrjEeFezWdrqr,anonymous,EN,1,1,2,,,,27,7,"The other person on the right was picked up already by the AI; with no bounding box, im afraid the car didnt recognize the person",1,1,100,91,1,,43,5,,13
2/9/24 14:51,2/9/24 14:53,0,100,123,1,2/9/24 14:53,R_6VcpM1GSsZapJrb,anonymous,EN,1,1,2,24,83,"I don't think the AI of a car can prove or disprove intent, so I just chose that it won't know what the pedestrian on the right of the screen will do.",,,,1,2,58,26,1,,50,5,,13
2/9/24 14:49,2/9/24 14:53,0,100,222,1,2/9/24 14:53,R_12Wv7FPdEZgttW9,anonymous,EN,1,1,2,,,,100,100,I believe AI drives better than humansHumans are careless and dont pay attention.,1,1,80,93,2,,43,5,,9
2/9/24 14:49,2/9/24 14:53,0,100,228,1,2/9/24 14:53,R_6VvDqj8ZtR1Uiqa,anonymous,EN,1,1,2,,,,100,0,He is already in the crosswalk facing across the street,1,1,66,58,2,,55,2,,14
2/9/24 14:51,2/9/24 14:53,0,100,139,1,2/9/24 14:53,R_1S27D6boZi9bZhT,anonymous,EN,1,1,2,65,73,"no Please rate the extent to which you agree with the following statements about the AI software that is creating these annotations:  In this image, the pedestrian on the right does not intend to",,,,1,1,34,79,1,,34,4,,11
2/9/24 14:51,2/9/24 14:53,0,100,131,1,2/9/24 14:53,R_5Q5cd04fmgsOyjL,anonymous,EN,1,1,2,,,,18,18,The person is clearly in the road and in the cameras range it should know the person is walking.,1,1,79,67,1,,32,1,,15
2/9/24 14:50,2/9/24 14:53,0,100,168,1,2/9/24 14:53,R_6GB5HYup1nI8xa0,anonymous,EN,1,1,2,,,,93,92,It identified the pedestrian and mapped out his most likely path so the AI seems to have identified the pedestrian and be in control.,1,1,71,67,1,,61,5,,11
2/9/24 14:50,2/9/24 14:53,0,100,164,1,2/9/24 14:53,R_1FoaebpXlp6ZAwp,anonymous,EN,1,1,2,,,,90,51,I don't know if the car recognizes the pedestrian yet ,1,1,70,61,1,,49,2,,12
2/9/24 14:49,2/9/24 14:53,0,100,245,1,2/9/24 14:53,R_1w5ExUA2LP2cfdV,anonymous,EN,1,1,2,70,75,"The pedestrian has his back to the crosswalk. At this time, the pedestrian doesn't indicate he wants to cross the crosswalk, but he could change his mind.",,,,1,2,80,50,2,,43,4,,13
2/9/24 14:51,2/9/24 14:53,0,100,149,1,2/9/24 14:53,R_66ndaV1sBl7He6d,anonymous,EN,1,1,2,,,,73,61,"I dont know much about AI. I assume that it can sense when something is in motion and the direction of its motion. But, I am not 100% sure.",1,1,19,16,2,,45,5,,12
2/9/24 14:51,2/9/24 14:53,0,100,159,1,2/9/24 14:53,R_5HojpeBVHYqKBuR,anonymous,EN,1,1,2,,,,0,0,"It doesn't have a brain. It's not alive. It only has programming. The pedestrian could choose to run, to do anything. A.I. is inert. Not smart. Nothing. It's a program.",1,1,51,74,2,,30,5,,12
2/9/24 14:50,2/9/24 14:53,0,100,208,1,2/9/24 14:53,R_3DTzeXSEfgULrs1,anonymous,EN,1,1,2,77,100,"Based on this autonomous vehicle sees above, I trust that it will behave appropriately around the pedestrian on the right in this image.",,,,1,2,100,100,1,,34,4,,8
2/9/24 14:51,2/9/24 14:53,0,100,137,1,2/9/24 14:53,R_61oIzB1Gha8EPCN,anonymous,EN,1,1,2,,,,20,20,"The person in the picture is not highlighted at all, therefore I do not know that the car recognizes there is even someone/something present.",1,1,70,10,2,,43,5,,10
2/9/24 14:49,2/9/24 14:53,0,100,259,1,2/9/24 14:53,R_5QzXFkE0vuMpy8R,anonymous,EN,1,1,2,,,,0,0,The person on the right was indicated as a person with a box around it but the person on the left is not.,1,1,90,80,1,,31,4,,13
2/9/24 14:52,2/9/24 14:53,0,100,110,1,2/9/24 14:54,R_5Qt5RmKnlMjmRci,anonymous,EN,1,1,2,,,,0,0,"There is no box around the person, so I must assume it doesn't see them yet. And the person is mid stride in the crosswalk, clearly crossing.",1,1,65,8,1,,26,3,,13
2/9/24 14:52,2/9/24 14:54,0,100,108,1,2/9/24 14:54,R_5pzGAyTDNBxnxN2,anonymous,EN,1,1,2,82,93,I think that it can tell that the person is facing the opposite direction,,,,1,2,77,40,1,,27,4,,9
2/9/24 14:50,2/9/24 14:54,0,100,195,1,2/9/24 14:54,R_65KhVPqjXthGFkp,anonymous,EN,1,1,2,,,,100,25,The car doesn't register the person so I don't think it will avoid him.,1,1,56,57,2,,39,4,,13
2/9/24 14:53,2/9/24 14:54,0,100,63,1,2/9/24 14:54,R_7pQ7TN9nImYSxP5,anonymous,EN,1,1,2,,,,75,72,"Based on the information, it seems safe and reliable. ",1,1,75,84,1,,29,4,,11
2/9/24 14:51,2/9/24 14:54,0,100,164,1,2/9/24 14:54,R_5kMHohMjmoZQfVu,anonymous,EN,1,1,2,,,,98,97,It should be able to tell that the pedestrian is walking towards the center of street on the crosswalk. ,1,1,71,50,1,,46,3,,14
2/9/24 14:52,2/9/24 14:54,0,100,136,1,2/9/24 14:54,R_6B505tAVZKjs6CM,anonymous,EN,1,1,2,,,,18,19,"The person on the left is not labeled, according to the image.  That makes me think that the vehicle did not detect it and therefore will not stop.",1,1,75,20,2,,31,4,,10
2/9/24 14:50,2/9/24 14:54,0,100,257,1,2/9/24 14:54,R_7LjO3RWcD6A3N7S,anonymous,EN,1,1,2,50,50,I am in the middle right now and am not sure of which way to go,,,,1,1,27,26,2,,35,4,,13
2/9/24 14:49,2/9/24 14:54,0,100,298,1,2/9/24 14:54,R_1dGMn9lKhMRKWmd,anonymous,EN,1,1,2,,,,11,15,I chose what I did based on the fact there is no box around the person on the left,1,1,74,69,2,,60,2,,14
2/9/24 14:52,2/9/24 14:54,0,100,111,1,2/9/24 14:54,R_60r5D273E86g8rk,anonymous,EN,1,1,2,28,56,I dont fully trust the judgement of a machine. A person can better pick up the nuances of a person,,,,1,2,60,29,1,,33,3,,13
2/9/24 14:52,2/9/24 14:54,0,100,127,1,2/9/24 14:54,R_6KJE1EMNR3gXPVl,anonymous,EN,1,1,2,49,94,"I don’t know the details about such software, and No need to guess.",,,,1,2,55,73,1,,56,4,,10
2/9/24 14:49,2/9/24 14:54,0,100,294,1,2/9/24 14:54,R_5ieZmusbv7ihbDt,anonymous,EN,1,1,2,10,60,I feel that the autonomous vehicle will act as if the person might cross the street. I don't believe the vehicle has the ability to detect if a person is going to cross or not. What is more concerning is the vehicle is not detecting the person on the left.  ,,,,1,2,100,80,2,,50,4,,10
2/9/24 14:49,2/9/24 14:54,0,100,271,1,2/9/24 14:54,R_3QKEI93RSWZiG3v,anonymous,EN,1,1,2,,,,0,0,It has not identified him as a person. He does not have a yellow rectangle box around him like the other people.,1,1,61,67,2,,62,3,,14
2/9/24 14:49,2/9/24 14:54,0,100,274,1,2/9/24 14:54,R_7APyqMAP8vUdQFb,anonymous,EN,1,1,2,100,100,The person on the right is facing away from the street.,,,,1,2,58,58,2,,59,4,,11
2/9/24 14:51,2/9/24 14:54,0,100,172,1,2/9/24 14:54,R_6hToNmkkkj2TuBZ,anonymous,EN,1,1,2,70,70,My answer is based off of what I can observe from the photo and it seems the autonomous vehicle acknowledges there's a person but also that they aren't on the cross-walk,,,,1,2,70,64,2,,29,4,,12
2/9/24 14:51,2/9/24 14:54,0,100,202,1,2/9/24 14:54,R_6kTuTf33lvTyoO8,anonymous,EN,1,1,2,69,71,The person has a box around them so they have been identified. I think the car can tell they are not going to cross because of the direction they are facing.,,,,1,2,50,51,2,,39,2,,12
2/9/24 14:50,2/9/24 14:54,0,100,247,1,2/9/24 14:54,R_3kmQyFnBloqF1t5,anonymous,EN,1,1,2,50,100,The AI detected the guy on the right side so he has a rectangular box. That guy isn't guaranteed to NOT cross the road though so you always have to be alert for sudden movements or decisions. The guy on the left was not detected by the AI so the car will probably run him over if that guy crosses and the car decides to move.,,,,1,2,100,70,1,,41,4,,14
2/9/24 14:52,2/9/24 14:54,0,100,115,1,2/9/24 14:54,R_6fwE7Mog4Fs8dae,anonymous,EN,1,1,2,73,79,"The pedestian on th right, appears to be standing still, adn not intending to cross the road.  However, people sometimes do things unexpectedly, so I can't say for certain that he will stay in place.",,,,1,2,26,10,1,,44,2,,13
2/9/24 14:49,2/9/24 14:54,0,100,319,1,2/9/24 14:54,R_6IBtMC4d4CXv2Fj,anonymous,EN,1,1,2,80,60,I think it's pretty likely that the AI will sense that the person doesn't want to cross the road because they're facing the wrong direction.  But I'm not completely sure whether the AI vehicle will act appropriately since I don't have enough experience with these types of cars.,,,,1,2,40,30,1,,45,4,,13
2/9/24 14:51,2/9/24 14:54,0,100,222,1,2/9/24 14:54,R_6EgcAh3TXpc3mi5,anonymous,EN,1,1,2,,,,92,91,"It can recognize cars, the crosswalk and edge of the street, so it should see pedestrian in crosswalk",1,1,80,0,2,,72,1,,13
2/9/24 14:50,2/9/24 14:54,0,100,247,1,2/9/24 14:54,R_3DhByQ0gMXCVqRZ,anonymous,EN,1,1,2,31,45,The car detected one person but not the other one which means its not truly clear,,,,1,2,90,62,2,,56,4,,12
2/9/24 14:52,2/9/24 14:54,0,100,119,1,2/9/24 14:54,R_1NEku8hqMfy0vw5,anonymous,EN,1,1,2,,,,0,0,"Since the pedestrian is not outlined in a box, I don't believe that the car can see him. Additionally, it doesn't seem as though it understands that someone is moving, especially if it doesn't see him. ",1,1,8,0,2,,34,4,,11
2/9/24 14:52,2/9/24 14:54,0,100,150,1,2/9/24 14:54,R_6DQ8MUn4uJQVtbb,anonymous,EN,1,1,2,0,90,The system is unable to predict intentions. It has already missed a person walking.,,,,1,2,70,70,1,,34,4,,11
2/9/24 14:52,2/9/24 14:54,0,100,137,1,2/9/24 14:54,R_55RRAMzQKPZMGuK,anonymous,EN,1,1,2,84,78,I believe that the AI can recognize that the person is a person and that they are on the edge of the street. Since they are on the edge of the street and with their back to the street the vehicle can recognize that it does not intend to cross the road.,,,,1,2,81,81,1,,29,3,,13
2/9/24 14:51,2/9/24 14:55,0,100,199,1,2/9/24 14:55,R_5ZQ7Bo9HBwPRcNH,anonymous,EN,1,1,2,,,,10,10,AI fails to recognize pedestrians at crosswalks because he is not marked in a box,1,1,20,10,1,,28,4,,13
2/9/24 14:52,2/9/24 14:55,0,100,151,1,2/9/24 14:55,R_3K2YWJKFOYnovpy,anonymous,EN,1,1,2,,,,0,0,The pedestrian on the left is not identified by the autonomous vehicle.,1,1,70,0,2,,65,6,,14
2/9/24 14:53,2/9/24 14:55,0,100,119,1,2/9/24 14:55,R_5YgjSABYuwYiQkF,anonymous,EN,1,1,2,87,95,"I feel that since it recognizes the person as a person, it will behave appropriately, but I don't believe that it is sensitive enough to accurately predict future movements of a person. ",,,,1,2,90,88,2,,38,4,,11
2/9/24 14:52,2/9/24 14:55,0,100,149,1,2/9/24 14:55,R_3zBZHk82Dqic5n7,anonymous,EN,1,1,2,65,65,I feel it can tell by position of the person they are unlikely to change directions and walk into the road so I feel it has a good idea but it has not been tested enough to know for sure. ,,,,1,2,56,40,1,,39,4,,13
2/9/24 14:50,2/9/24 14:55,0,100,296,1,2/9/24 14:55,R_7UblksM5JxjYmQK,anonymous,EN,1,1,2,80,65,The vehicle has identified the person on the right so I expect that it will try to avoid them.,,,,1,2,73,53,1,,29,4,,10
2/9/24 14:50,2/9/24 14:55,0,100,302,1,2/9/24 14:55,R_7jIhGDcXqspJDDL,anonymous,EN,1,1,2,,,,10,20,"The pedestrian does not have a bounding box and is not labeled as a person by the AI in the screen shot. In this screenshot, the AI has not recognized the person on the left side of the screen. It has detected the person standing by the vehicle on the right side. Therefore, I have my doubts that the software will interact with pedestrian correctly.",1,1,75,70,2,,45,4,,13
2/9/24 14:52,2/9/24 14:55,0,100,165,1,2/9/24 14:55,R_624KGC0CMBZoWvb,anonymous,EN,1,1,2,100,100,"The person or people on the right side of the road are facing the edge of the road, indicating they are not about to cross.",,,,1,2,75,60,1,,40,3,,14
2/9/24 14:54,2/9/24 14:55,0,100,82,1,2/9/24 14:55,R_60U81pQH3msEEUN,anonymous,EN,1,1,2,,,,81,82,It would reason since they have identified everything correctly.,1,1,51,51,1,,34,4,,12
2/9/24 14:53,2/9/24 14:55,0,100,97,1,2/9/24 14:55,R_6LHBzdZT8NObQuk,anonymous,EN,1,1,2,100,100,It’s all drawn out so it’s not that hard to understand and see the pedestrian.,,,,1,2,100,100,2,,37,2,,10
2/9/24 14:54,2/9/24 14:55,0,100,73,1,2/9/24 14:55,R_52hZyiv8YP4iPTI,anonymous,EN,1,1,2,,,,100,100,By looking at the image it looks the AI will be able to detect pedestrians,1,1,49,41,2,,36,4,,11
2/9/24 14:49,2/9/24 14:55,0,100,371,1,2/9/24 14:55,R_1I5g3kSGCuvPDR0,anonymous,EN,1,1,2,86,86,It can see the person but does it know he's facing the opposite direction is what I wonder.,,,,1,2,91,65,1,,46,4,,10
2/9/24 14:49,2/9/24 14:55,0,100,371,1,2/9/24 14:55,R_5MxznuLRgm5LOlb,anonymous,EN,1,1,2,,,,90,90,"I feel like when the pedestrian enters the AI's sight, it will quickly pickup what it is to make sure it is avoided. ",1,1,85,70,1,,44,2,,10
2/9/24 14:52,2/9/24 14:55,0,100,184,1,2/9/24 14:55,R_7kmQAeGqUDmqSux,anonymous,EN,1,1,2,21,50,I do not really trust driverless cars that run off AI. Never have and never will. I do not feel it is safe. And as far as I can...this person is crossing the street,,,,1,2,71,5,2,,45,4,,13
2/9/24 14:49,2/9/24 14:55,0,100,369,1,2/9/24 14:55,R_61c0dWTn5la5e1F,anonymous,EN,1,1,2,60,90,Whether the person on right wil change direction to cross street cannot be predicted,,,,1,2,70,85,2,,77,4,,12
2/9/24 14:49,2/9/24 14:55,0,100,357,1,2/9/24 14:55,R_3huUg71SSYS4Lbu,anonymous,EN,1,1,2,95,92,The pedestrian is facing away from the street and with somone else looking at something. I wouldn't think they would come into the street but as a driver I would continue to take notice until I pass them. ,,,,1,2,77,61,1,,35,4,,14
2/9/24 14:54,2/9/24 14:55,0,100,103,1,2/9/24 14:55,R_5hMuWuVEsQhyyfq,anonymous,EN,1,1,2,,,,7,5,"It does not have the person marked as identified, this leads me to believe that it does not know anything",1,1,67,62,1,,29,1,,14
2/9/24 14:53,2/9/24 14:55,0,100,170,1,2/9/24 14:55,R_3hfW0brYSOZrqk9,anonymous,EN,1,1,2,,,,20,20,It doesn't seem to have identified the person on the left as a pedestrian.  It seems like it stands a very good chance of acting as if he wasn't there.,1,1,60,5,1,,36,4,,14
2/9/24 14:50,2/9/24 14:55,0,100,356,1,2/9/24 14:55,R_74WmLTj5FEHbNYt,anonymous,EN,1,1,2,,,,0,0,"There is no box around the person on the left. The left side is labeled edge of street, but there is no label for the person on that side. I don't think it knows the person is there so it will not behave appropriately for someone crossing the street.",1,1,60,50,4,,53,4,,14
2/9/24 14:52,2/9/24 14:55,0,100,237,1,2/9/24 14:55,R_6jOjin3Mjp9SB7T,anonymous,EN,1,1,2,93,98,"The person is clearly outline with a box, so the AI detected them. The person is looking the opposite way of crossing the street, so I think the AI should be able to tell they don't intend to cross the street.",,,,1,2,94,92,1,,39,4,,9
2/9/24 14:53,2/9/24 14:56,0,100,127,1,2/9/24 14:56,R_5TtpBExOvgBCc66,anonymous,EN,1,1,2,77,77,I trust the cars more than people.  My car stops when it sees stuff already.,,,,1,1,73,96,1,,44,5,,11
2/9/24 14:54,2/9/24 14:56,0,100,105,1,2/9/24 14:56,R_7AHcqhDQEGjhXGi,anonymous,EN,1,1,2,92,93,The car sees the pedestrian on the right and has made that annotation. ,,,,1,2,72,70,3,,38,5,,12
2/9/24 14:53,2/9/24 14:56,0,100,148,1,2/9/24 14:56,R_77pPmSj5sZPe5ov,anonymous,EN,1,1,2,25,50,The pedistrian was seen as being on the side of the street but was crossing,,,,1,1,61,59,1,,48,4,,11
2/9/24 14:53,2/9/24 14:56,0,100,162,1,2/9/24 14:56,R_6TM8NQqpKyl6ael,anonymous,EN,1,1,2,,,,15,10,"The car has not labeled the person as it has all the other objects so it appears to not be able to ""see"" him and so it will continue driving as if he wasn't there. ",1,1,50,40,1,,39,4,,13
2/9/24 14:52,2/9/24 14:56,0,100,222,1,2/9/24 14:56,R_7wiQBqefNUqhauZ,anonymous,EN,1,1,2,80,80,It is able to see the cars and pedestrians and so should see that the pedestrian isn't about to cross and that the one on the right is crossing,,,,1,1,30,20,2,,65,3,,14
2/9/24 14:53,2/9/24 14:56,0,100,167,1,2/9/24 14:56,R_1rrlAhb149ouNEl,anonymous,EN,1,1,2,,,,100,70,His leg is outstretched signaling he is about to walk.,1,1,82,85,2,,35,4,,12
2/9/24 14:49,2/9/24 14:56,0,100,421,1,2/9/24 14:56,R_3gqf8V4zWvVKZUo,anonymous,EN,1,1,2,,,,60,60,"Technology can always fail, so I'm not giving it 100%.",1,1,18,42,2,,24,5,,11
2/9/24 14:49,2/9/24 14:56,0,100,406,1,2/9/24 14:56,R_7n4BStcXu3W7Wr7,anonymous,EN,1,1,2,,,,100,100,"Being an autonomous vehicle, I believe the software should already recognize what the images represents and should act accordingly,",1,1,85,0,2,,32,4,,10
2/9/24 14:52,2/9/24 14:56,0,100,240,1,2/9/24 14:56,R_1Gm1tjEX9Xl9Vw2,anonymous,EN,1,1,2,,,,3,4,The person on the left was not acknowledged on the cars AI grid. I don't believe the car would stop for the pedestrian in this scenario.,1,1,76,14,1,,56,3,,12
2/9/24 14:54,2/9/24 14:56,0,100,149,1,2/9/24 14:56,R_1DdP4Es0ArFfmIc,anonymous,EN,1,1,2,81,100,Each image's labels precisely indicate the presence of any specific road ... images from your car's front-facing camera. ,,,,1,1,100,81,1,,31,4,,1
2/9/24 14:50,2/9/24 14:56,0,100,365,1,2/9/24 14:56,R_3XSRpzqdTHOriW5,anonymous,EN,1,1,2,70,70,"The biggest thing is the pedestrian on the left was not identified. If I was supposed to take that into account then my answers above are how I feel. It did detect the person on the right, and probably does know they won't be crossing, but at the same time I only slightly agree with that.",,,,1,2,60,75,1,,36,4,,14
2/9/24 14:51,2/9/24 14:56,0,100,331,1,2/9/24 14:56,R_5dFl7qFILNSij4w,anonymous,EN,1,1,2,,,,30,60,I feel as though it sees the pedestrian on the left it can't read mind thoughts. I feel like because it looks as though he is going to cross it may assume that its going to happen.,1,1,80,50,2,,45,3,,11
2/9/24 14:51,2/9/24 14:56,0,100,313,1,2/9/24 14:56,R_5pKPwHsh3RP2km5,anonymous,EN,1,1,2,99,100,"The person to the right is facing away from the crosswalk like he has already crossed. He is facing the direction he plans to walk, which is to the right, which is not across the crosswalk. The person to the left looks like he is going to cross the crosswalk because he is facing it.",,,,1,2,73,51,2,,36,3,,12
2/9/24 14:54,2/9/24 14:56,0,100,149,1,2/9/24 14:56,R_5oEJdOTnyzstOYR,anonymous,EN,1,1,2,13,25,I am pretty distrustful of AI software.  How would the software be able to interpret subtle movements or motions that could indicate the person on the right has decided to cross the road?,,,,1,2,59,1,2,,58,4,,11
2/9/24 14:51,2/9/24 14:56,0,100,317,1,2/9/24 14:56,R_1740Z26JOMned1E,anonymous,EN,1,1,2,87,85,I am guessing the software can detect ways the person is facing. He is facing on the other way than crossing.,,,,1,2,40,17,2,,43,4,,10
2/9/24 14:52,2/9/24 14:56,0,100,249,1,2/9/24 14:56,R_7eeJuYw0ABdOvd6,anonymous,EN,1,1,2,18,79,"The AI may see the people, but does not know the actions they may do. Being that it sees the people on the right side, I'd assume it will treat them as if they ""could"" cross the street. Slow down etc.",,,,1,2,61,7,1,,55,1,,13
2/9/24 14:53,2/9/24 14:56,0,100,176,1,2/9/24 14:56,R_3FreR2zlJR2MKc1,anonymous,EN,1,1,2,,,,29,24,The AI does not appear to label the person crossing the street even though he is past the edge of the road. ,1,1,92,68,2,,27,5,,13
2/9/24 14:51,2/9/24 14:56,0,100,324,1,2/9/24 14:56,R_3Ltn1qQ4UR21d1I,anonymous,EN,1,1,2,,,,0,15,"The presence of a person standing on a zebra crossing suggests an intent to cross, but without clear visual cues, autonomous vehicles may need to proceed precision to cautiously to ensure safety.",1,1,76,79,2,,27,4,,10
2/9/24 14:54,2/9/24 14:57,0,100,139,1,2/9/24 14:57,R_7Fg18xwwsaQb5It,anonymous,EN,1,1,2,75,76,The person is clearly in a crosswalk with the right of way and the AI should be able to identify this easily as the most basic function is to not run pedestrians over.,,,,1,1,70,26,1,,41,1,,15
2/9/24 14:55,2/9/24 14:57,0,100,79,1,2/9/24 14:57,R_5n5iCdKVzDUOvjr,anonymous,EN,1,1,2,68,73,Seems very trustworthy and reliable. I can see these being used quite frequently ,,,,2,1,62,46,1,,27,5,,11
2/9/24 14:52,2/9/24 14:57,0,100,259,1,2/9/24 14:57,R_1sYkA2YdX1gb2Ai,anonymous,EN,1,1,2,0,9,"Even though AI software can detect pedestrian's locations, but AI software can't detect people's intentions.",,,,1,2,92,91,2,,50,5,,11
2/9/24 14:54,2/9/24 14:57,0,100,176,1,2/9/24 14:57,R_6beoZApYx94bBZv,anonymous,EN,1,1,2,,,,10,12,The AI does not even have a box around the pedestrian on the left.  This gives me great doubt about whether the AI knows what the person will do.,1,1,82,70,1,,41,4,,11
2/9/24 14:53,2/9/24 14:57,0,100,236,1,2/9/24 14:57,R_1Sqs9piiY4gHVNZ,anonymous,EN,1,1,2,75,70,The person on the right of the image is standing still and looking at something. If he was to walk then he would be facing the other way.,,,,1,2,60,60,1,,47,3,,12
2/9/24 14:50,2/9/24 14:57,0,100,395,1,2/9/24 14:57,R_6ijmmMXS0K1FWHD,anonymous,EN,1,1,2,,,,66,37,AI will constantly modify its decisions and will act appproprietely,1,1,36,28,1,,69,5,,10
2/9/24 14:54,2/9/24 14:57,0,100,174,1,2/9/24 14:57,R_3R46RKKpXySA1YF,anonymous,EN,1,1,2,61,59,The fact that it didn't identify the pedestrian on the left makes me doubt about the system.,,,,1,2,59,51,2,,49,5,,12
2/9/24 14:53,2/9/24 14:57,0,100,233,1,2/9/24 14:57,R_6LkfNkdBig4cdtl,anonymous,EN,1,1,2,,,,71,80,"The pedestrian is on the left, but his body position is faced right. There is a crosswalk in front of him. Therefore, I think the autonomous vehicle would be able to detect that and yield for the pedestrian.",1,1,75,50,2,,30,4,,12
2/9/24 14:52,2/9/24 14:57,0,100,301,1,2/9/24 14:57,R_5RjfcIcXScB53QR,anonymous,EN,1,1,2,27,55,I can't imagine that a self driving car could read a person's mind. He could a knowledge someone is there on the side but not if the person takes it upon himself to cross the street.,,,,1,2,39,11,2,,41,4,,10
2/9/24 14:52,2/9/24 14:57,0,100,330,1,2/9/24 14:57,R_5LXZvvepx2ZIHA4,anonymous,EN,1,1,2,9,8,The person on the right is very near the crosswalk. It would always be best to assume a person near the road can quickly be in the road. I wouldn't want the AI to 'judge' what it thinks a person would do.,,,,1,2,81,81,2,,62,3,,14
2/9/24 14:53,2/9/24 14:57,0,100,280,1,2/9/24 14:57,R_5HqAYCTCSxW2dKV,anonymous,EN,1,1,2,9,49,The man is definately crossing the road and from what I know about ai is that it's totally depending on the programmer so I really don't know if it'll make the right decision.,,,,1,2,52,20,2,,37,4,,13
2/9/24 14:56,2/9/24 14:57,0,100,94,1,2/9/24 14:57,R_5S67a9x6Y0dfFlc,anonymous,EN,1,1,2,,,,26,6,it boxed and identified everything else in the scene except the pedestrian on the left. something is wrong with that and will probably not assess the situation properly,1,1,100,100,1,,36,3,,10
2/9/24 14:50,2/9/24 14:57,0,100,476,1,2/9/24 14:57,R_6WMxOcLo2ioyI9t,anonymous,EN,1,1,2,73,78,"Due to the fact that the person on the right is facing away from the street and crosswalk, I would assume that the autonomous vehicle would make the decision that this person is not going to cross. However, Because of the amount of cars and the person on the left entering the crosswalk I would think that the autonomous vehicle would be slow and deliberate in monitoring the situation.",,,,1,2,91,78,2,,64,4,,11
2/9/24 14:49,2/9/24 14:58,0,100,498,1,2/9/24 14:58,R_511FODZb8P9gV0I,anonymous,EN,1,1,2,60,78,The person on the right is turned away from the street and I can understand why a person or machine may think the person is not going to cross the road. But that may not be so. The person may indeed turn suddenly and cross the road for any number of reasons. Cars nor people can read minds.,,,,1,2,71,50,1,,63,8,Juris Doctor,9
2/9/24 14:51,2/9/24 14:58,0,100,416,1,2/9/24 14:58,R_1JHI1D3TLABCrxT,anonymous,EN,1,1,2,,,,100,100,"Based on what this autonomous vehicle sees above, I believe it can detect that the pedestrian on the left does intend to cross the road.",1,1,72,59,2,,31,4,,9
2/9/24 14:54,2/9/24 14:58,0,100,233,1,2/9/24 14:58,R_7dpjBEzM5aSi4A2,anonymous,EN,1,1,2,,,,50,60,I can't be certain what the car detects. It is a 50 50 chance.,1,1,80,30,2,,46,3,,13
2/9/24 14:56,2/9/24 14:58,0,100,127,1,2/9/24 14:58,R_1azaqJ53cDXjb49,anonymous,EN,1,1,2,,,,0,0,The person isn't highlighted to the autonomous vehicle.,1,1,19,0,2,,28,4,,15
2/9/24 14:55,2/9/24 14:58,0,100,197,1,2/9/24 14:58,R_5Toz5QCF01F2n0k,anonymous,EN,1,1,2,,,,97,87,"it roecognized the pedistrian, cars and other moving objects so it seems capible",1,1,97,75,1,,40,3,,13
2/9/24 14:55,2/9/24 14:58,0,100,175,1,2/9/24 14:58,R_6GX739SQL7JIvE5,anonymous,EN,1,1,2,20,18,We don’t know what the pedestrian’s intentions are.,,,,1,2,63,64,2,,65,4,,13
2/9/24 14:53,2/9/24 14:58,0,100,323,1,2/9/24 14:58,R_5m7t8gLk507mL3k,anonymous,EN,1,1,2,85,85,"I believe the cars software may be able to detect movement and possibly the direction of the person, but am not 100% sure about this.",,,,1,2,75,0,2,,,1,,13
2/9/24 14:56,2/9/24 14:58,0,100,118,1,2/9/24 14:58,R_6eF39TVhJwjscRW,anonymous,EN,1,1,2,75,80,it has identified the pedestrian on the right so it should know.,,,,1,2,68,25,1,,30,4,,12
2/9/24 14:54,2/9/24 14:58,0,100,259,1,2/9/24 14:58,R_7ydcT8ZuwHsp4CG,anonymous,EN,1,1,2,75,75,It seems to know somehow that the person doesn't intend to cross.,,,,1,2,50,24,1,,56,1,,13
2/9/24 14:56,2/9/24 14:58,0,100,125,1,2/9/24 14:58,R_5pnbMpaBHZiOXuh,anonymous,EN,1,1,2,,,,0,0,I think it cannot detect the pedestrian on the left since it does not have a box around the pedestrian and therefore I do not trust that it will behave appropriately around the pedestrian.,1,1,59,32,1,,30,4,,15
2/9/24 14:56,2/9/24 14:58,0,100,156,1,2/9/24 14:58,R_5lg8VF0sjGDjuvD,anonymous,EN,1,1,2,60,71,"To find Bob's estimate, we first need to find 30% of Sally's estimate. 30% of 68 is 0.30 x 68 = 20.4. Subtracting 20.4 from Sally's estimate of 68 gives us Bob's estimate, which is 68 - 20.4 = 47.6. Therefore, Bob's estimate is 47.6%, or rounded to 48%.",,,,1,2,43,87,1,,42,4,,8
2/9/24 14:54,2/9/24 14:59,0,100,242,1,2/9/24 14:59,R_5uqKO4LOUsifbG1,anonymous,EN,1,1,2,,,,62,29,"It can see the person further away on the right. I generally wouldn't trust it for the person on the left, but with calibration, it can detect correctly within a relevant range.",1,1,57,52,1,,56,4,,10
2/9/24 14:53,2/9/24 14:59,0,100,329,1,2/9/24 14:59,R_3kOhuHbQtDn2Yne,anonymous,EN,1,1,2,,,,5,10,"The person on the left is not highlighted by a box.  So, it seems like the AI can't detect him or that's he's about to cross the road.",1,1,68,32,2,,51,4,,15
2/9/24 14:56,2/9/24 14:59,0,100,159,1,2/9/24 14:59,R_1uWOqFi0AB2sfzH,anonymous,EN,1,1,2,,,,7,6,There is not a bounding box around the person on the left.,1,1,60,68,1,,38,4,,11
2/9/24 14:54,2/9/24 14:59,0,100,265,1,2/9/24 14:59,R_6nMlYzgYBTa7eVD,anonymous,EN,1,1,2,50,91,I trust AI so I think it will indeed behave appropriately just as if I was driving the car.,,,,1,2,79,21,1,,69,3,,13
2/9/24 14:55,2/9/24 14:59,0,100,259,1,2/9/24 14:59,R_44dbuNeRRWDIAkL,anonymous,EN,1,1,2,88,85,the pictures accurately depict where cars and humans are in real life.,,,,1,1,97,54,1,,39,4,,12
2/9/24 14:55,2/9/24 14:59,0,100,217,1,2/9/24 14:59,R_1zG4Rw5swNqMag6,anonymous,EN,1,1,2,33,37,"The one pedestrian on the right is correctly labeled by the software program, the other is not labeled.They are also facing the sidewalk and unlikely to cross back.",,,,1,2,70,33,1,,54,5,,9
2/9/24 14:53,2/9/24 14:59,0,100,343,1,2/9/24 14:59,R_7HNUk74Ga0MeetQ,anonymous,EN,1,1,2,,,,30,35,I can make the assumption by looking at seeing how this person is moving if they intend to cross. I am not sure or confident that an autonomous vehicle can make those assumptions and decisions in real time in order to react properly.,1,1,85,50,1,,,1,,13
2/9/24 14:56,2/9/24 14:59,0,100,166,1,2/9/24 14:59,R_1YgmfhEimP3Nzi3,anonymous,EN,1,1,2,90,99,Each image's labels precisely indicate the presence of any specific road ... images from your car's front-facing camera. ,,,,1,1,100,82,1,,27,4,,1
2/9/24 14:55,2/9/24 14:59,0,100,273,1,2/9/24 14:59,R_5ekUD2jDwgWs06N,anonymous,EN,1,1,2,0,60,"The car can't be programmed to know what the pedestrian MIGHT do, just like a driver would not be able to predict what a pedestrian, The pedestrian could decide to cross the street at last minute when the WALK sign turns green. Who Knows? NOT the car. ",,,,1,1,71,50,2,,69,3,,13
2/9/24 14:56,2/9/24 14:59,0,100,197,1,2/9/24 14:59,R_6sizHbbP04TyWtP,anonymous,EN,1,1,2,,,,80,80,"I think, or presume, it would know that is where people cross in general, and perhaps it's able to detect movement as well.",1,1,65,65,2,,64,3,,12
2/9/24 14:52,2/9/24 14:59,0,100,446,1,2/9/24 14:59,R_1xWDmtofDvssDAv,anonymous,EN,1,1,2,80,75,"The person on the right is accurately labeled as a person by the software. Presumably, since the person is identified the software will be able to detect whether the person is in motion or remains stationary. However, I cannot be 100% positive as to whether the software will predict the person's intentions and act accordingly so my responses reflected this.",,,,1,2,65,55,1,,48,4,,12
2/9/24 14:50,2/9/24 14:59,0,100,547,1,2/9/24 14:59,R_3Bh3Nx5F1Q1MtzL,anonymous,EN,1,1,2,85,84,"The AI recognizes the person on the right, and they look like they are paying a meter or something- they won't be crossing the street.",,,,1,2,66,74,2,,37,4,,15
2/9/24 14:55,2/9/24 15:00,0,100,277,1,2/9/24 15:00,R_7I0EalVq1knIrhD,anonymous,EN,1,1,2,,,,100,100,Clearly the person is crossing the street and I believe AI will act accordingly.,1,1,82,5,2,,59,3,,12
2/9/24 14:57,2/9/24 15:00,0,100,146,1,2/9/24 15:00,R_5OPZ3GWIJ5tz98l,anonymous,EN,1,1,2,,,,45,71,I think it can recognize the person is moving in a certain direction. ,1,1,75,86,1,,30,4,,11
2/9/24 14:59,2/9/24 15:00,0,100,86,1,2/9/24 15:00,R_3mOGe26uFzGeRA7,anonymous,EN,1,1,2,23,27,I don't think AIs are smart enough to recognize humans.,,,,1,1,74,50,1,,33,3,,14
2/9/24 14:57,2/9/24 15:00,0,100,163,1,2/9/24 15:00,R_6YJUVQOTLxBnWFl,anonymous,EN,1,1,2,,,,84,82,"I believe the vehicle will behave appropriately because it senses who and what are around it. Therefor, it can sense if an individual is near, and would allow them to cross",1,1,100,100,1,,38,1,,13
2/9/24 14:58,2/9/24 15:00,0,100,132,1,2/9/24 15:00,R_3Np5Q8JK1cpX93H,anonymous,EN,1,1,2,,,,100,100,"Based on what this autonomous vehicle sees above, I believe it can detect that the pedestrian on the left does intend to cross the road.",1,2,77,82,2,,31,4,,10
2/9/24 14:55,2/9/24 15:00,0,100,322,1,2/9/24 15:00,R_5futDU5bl820Fod,anonymous,EN,1,1,2,,,,10,10,"The human on the left is walking towards the crosswalk given his stance, however the A.I failed to correctly label the human on the left since the human doesn't have the labeled box. Since the autonomous vehicle failed to properly label the pedestrian, it wouldn't be able to decide if they intend to cross the road.",1,1,90,55,1,,31,3,,14
2/9/24 14:56,2/9/24 15:01,0,100,258,1,2/9/24 15:01,R_75YowIyDodH6pjj,anonymous,EN,1,1,2,100,100,"The person on the right is facing the sidewalk, not the street, and is standing still.",,,,1,2,80,72,2,,46,2,,12
2/9/24 14:58,2/9/24 15:01,0,100,174,1,2/9/24 15:01,R_5WAmBqxzfdrt0P2,anonymous,EN,1,1,2,,,,10,10,"The software hasn't marked the pedestrian on the left with a ""person"" box, as it has with the one on the right, so I have to assume it isn't yet aware of the left pedestrian, indicating a potential problem. ",1,1,80,80,1,,38,4,,12
2/9/24 14:53,2/9/24 15:01,0,100,451,1,2/9/24 15:01,R_6DBuZSOy0PbilKo,anonymous,EN,1,1,2,,,,100,100,THE AUTONOMOUS CAR  HAS  VISION OF THE FULL ROAD FROM LEFT SIDE TO RIGHT SIDE AND THE MAN THAT IS CROSSING FROM LEFT TO RIGHT.,1,1,76,76,2,,49,3,,12
2/9/24 14:57,2/9/24 15:01,0,100,238,1,2/9/24 15:01,R_6G1CZsG3LgjH1M8,anonymous,EN,1,1,2,63,50,AI Gave the information what they feed in the database and also it ca be helpful too.,,,,2,1,46,51,1,,29,4,,11
2/9/24 14:51,2/9/24 15:01,0,100,576,1,2/9/24 15:01,R_6TxbBQcJr5jKV0Z,anonymous,EN,1,1,2,0,80,"It looks like he is crossing the road and unlikely that the statement is true. If I am driving, I would have stopped my car and make eye contact.",,,,1,1,75,52,1,,28,5,,12
2/9/24 14:51,2/9/24 15:01,0,100,635,1,2/9/24 15:01,R_51zlbNkSGwOAyjG,anonymous,EN,1,1,2,50,0,"Well, I don't trust self driving vehicles in any situation no matter what. As to the person on the right, there's no way for me to no what their intentions are.",,,,1,2,100,100,1,,30,4,,14
2/9/24 14:56,2/9/24 15:01,0,100,341,1,2/9/24 15:01,R_6uxKTJLskPePAc1,anonymous,EN,1,1,2,,,,89,87,"I believe the AI is capable of identifying motion, bearing in mind the car is currently at a crosswalk. ",1,1,88,89,1,,25,4,,10
2/9/24 15:00,2/9/24 15:01,0,100,115,1,2/9/24 15:01,R_3rTPkzt78LpCKKW,anonymous,EN,1,1,2,,,,91,80, It appears that the artificial intelligence system successfully identified and recognized all cars and persons in the given context. This achievement indicates the system's ability to accurately detect and categorize objects,1,1,31,19,2,,33,4,,11
2/9/24 14:55,2/9/24 15:02,0,100,427,1,2/9/24 15:02,R_6Q9iReZMhSgVRXn,anonymous,EN,1,1,2,,,,52,75,ZTheres a fifty fifty chance the person will cross the street.,1,1,55,46,2,,70,3,,11
2/9/24 14:59,2/9/24 15:02,0,100,199,1,2/9/24 15:02,R_7E9E0ZXcmouayrC,anonymous,EN,1,1,2,95,95,"The person on the right does not appear to be facing the street as if it cross, and doesn't appear to be moving, and I assume the car can detect that and assume the behavior is to not cross, or not cross at this time.",,,,1,2,66,70,1,,36,3,,15
2/9/24 14:57,2/9/24 15:02,0,100,283,1,2/9/24 15:02,R_7n1xqd22qAiDIk1,anonymous,EN,1,1,2,,,,84,71,I agree the options above based on the mentioned image.,1,1,66,83,1,,29,4,,10
2/9/24 15:00,2/9/24 15:02,0,100,110,1,2/9/24 15:02,R_5OoyGAOm5zXZ18E,anonymous,EN,1,1,2,,,,50,50,I really dont know by picture it could be a 50/50 chance,1,1,50,51,2,,47,4,,11
2/9/24 14:56,2/9/24 15:02,0,100,384,1,2/9/24 15:02,R_69AP1rvgAEFItMZ,anonymous,EN,1,1,2,82,93,The AI highlighted the person on the right so it know they are there.,,,,1,2,68,57,1,,34,4,,11
2/9/24 14:59,2/9/24 15:02,0,100,212,1,2/9/24 15:02,R_395ylfHLIX6OUrD,anonymous,EN,1,1,2,90,95,The person if facing toward the sidewalk and not facing as if about to cross the street.,,,,1,2,66,32,1,,58,3,,13
2/9/24 14:59,2/9/24 15:03,0,100,220,1,2/9/24 15:03,R_7FQGM68D2sIIkqD,anonymous,EN,1,1,2,81,100,It should be able to tell that the person on the left is walking. I don't have enough information to know if it can tell that the pedestrian on the right isn't moving and actually is facing the other way.,,,,1,2,60,12,2,,65,4,,13
2/9/24 14:54,2/9/24 15:03,0,100,518,1,2/9/24 15:03,R_52LvjYrTrImm6gX,anonymous,EN,1,1,2,,,,0,0,I do not see a box or label for the pedestrian on the left who is crossing the street.,1,1,53,44,2,,71,5,,14
2/9/24 15:00,2/9/24 15:03,0,100,192,1,2/9/24 15:03,R_6XhUInrTGxYOUuA,anonymous,EN,1,1,2,,,,5,5,The person on the left is not labeled while the person on the right is. This seems to indicate that the vehicle does not recognize the person on the left.,1,1,75,5,1,,42,3,,13
2/9/24 14:55,2/9/24 15:03,0,100,513,1,2/9/24 15:03,R_6dmhEzRZCx9SPC4,anonymous,EN,1,1,2,25,35,"Humans exhibit diverse and often unpredictable behaviors, with minds capable of nonlinear thinking that doesn't always adhere to logical rules. Consequently, AI may struggle to accurately anticipate human responses or actions. Such discrepancies can lead to errors, potentially with serious consequences.",,,,1,2,83,93,2,,27,3,,13
2/9/24 14:59,2/9/24 15:04,0,100,259,1,2/9/24 15:04,R_3dn1nQIMru31Evv,anonymous,EN,1,1,2,,,,0,100,"Given that it has no way of knowing the mans intention, it should treat him, being in the road, with enhanced safety measures.  It is appropriate to assume the worst intention and act preventatively.  In this way, the car will act appropriately.  No interpretation of intention is needed.",1,1,90,100,1,,38,1,,11
2/9/24 15:01,2/9/24 15:04,0,100,186,1,2/9/24 15:04,R_7LpzxLYNCUVdxwl,anonymous,EN,1,1,2,54,72,It's kind of hard to know what the AI thinks based on an image alone. But I think the yellow box means that the man is not going to move. He's not in danger. If it was red he would be crossing.,,,,1,2,66,39,4,,28,4,,12
2/9/24 14:54,2/9/24 15:04,0,100,558,1,2/9/24 15:04,R_3BxF5A41JCYT0Y2,anonymous,EN,1,1,2,,,,95,88,"I think it’s obvious that the person is walking. But, when it comes to technology, you can never be 100% sure it is going to act as you would expect.",1,1,11,7,2,,32,5,,11
2/9/24 14:54,2/9/24 15:04,0,100,631,1,2/9/24 15:04,R_5d6uxaJ0sVJcsEh,anonymous,EN,1,1,2,,,,68,82,It shows a person identified and a crosswalk so I am assuming that it knows that the person is going to continue to walk across the crosswalk,1,1,68,83,2,,25,4,,12
2/9/24 15:02,2/9/24 15:04,0,100,98,1,2/9/24 15:04,R_1Bn8qtNrHpoItPO,anonymous,EN,1,1,2,,,,0,0,"The person on the left side of the street doesn't seem to be detected at all, which is why I answered the way that I did.",1,1,50,50,1,,31,1,,12
2/9/24 14:51,2/9/24 15:04,0,100,786,1,2/9/24 15:04,R_7n1NUeg3aMoMEu9,anonymous,EN,1,1,2,83,76,Based on the persons position and bosy behavior might help AI make the decision.,,,,1,2,96,95,1,,36,4,,13
2/9/24 14:51,2/9/24 15:04,0,100,813,1,2/9/24 15:04,R_1HOiKNAWrwxan80,anonymous,EN,1,1,2,,,,100,0,"The AI software neither detects the person nor does it detect that the person has already begun crossing the street at the crosswalk. Therefore it is not likely to behave appropriately in this dangerous scenario. The fault is in the recognition software not the camera. The camera sees the person walking on the crosswalk so the software ""can"" detect it but it does not.",1,1,60,50,1,,68,3,,14
2/9/24 15:00,2/9/24 15:04,0,100,261,1,2/9/24 15:04,R_1jTaJsilavrwGso,anonymous,EN,1,1,2,,,,9,11,The AI software did not labeled the person on the left.,1,1,100,100,1,,29,4,,12
2/9/24 15:00,2/9/24 15:04,0,100,282,1,2/9/24 15:04,R_11XBNU65u2lDAGU,anonymous,EN,1,1,2,,,,16,16,"There is no green box around the person so i assume that AI does not notice this person yet. Maybe when both of them get closer AI will, but it does not look like it.",1,1,50,50,1,,57,5,,12
2/9/24 15:00,2/9/24 15:05,0,100,293,1,2/9/24 15:05,R_7D5fPW8X8m00YwX,anonymous,EN,1,1,2,,,,78,73,I trust in AI software creating annotations. It's my personal opinion,1,1,85,80,2,,22,4,,10
2/9/24 15:00,2/9/24 15:05,0,100,266,1,2/9/24 15:05,R_6C8ZmsCLlb43S74,anonymous,EN,1,1,2,22,45,I think it can only detect the area that a pedestrian is in and since the pedestrian is on the crosswalk it probably thinks he will cross.,,,,1,2,50,33,1,,41,8,less than highschool,14
2/9/24 15:01,2/9/24 15:05,0,100,237,1,2/9/24 15:05,R_6uW5v7OwRxvoCQ1,anonymous,EN,1,1,2,,,,90,22,"In the image, there is not a box drawn around the person on the left, so I don’t believe that the AI sees him.  Because of the direction he is facing, I’m pretty certain that he is going to cross the road in the crosswalk.",1,1,55,5,2,,56,5,,11
2/9/24 15:04,2/9/24 15:06,0,100,132,1,2/9/24 15:06,R_7eUWAI1C533HK2X,anonymous,EN,1,1,2,,,,72,28,"The car currently can't see the person on the left. By the time it does, it might be too late.",1,1,71,39,2,,41,3,,13
2/9/24 15:04,2/9/24 15:06,0,100,92,1,2/9/24 15:06,R_5Ovi7w4RGuhiFCY,anonymous,EN,1,1,2,81,86,"It spots the pedestrian, but they are not moving, so I don't think the car will misjudge.",,,,1,2,75,41,1,,38,5,,10
2/9/24 14:50,2/9/24 15:06,0,100,953,1,2/9/24 15:06,R_5D5qVVVrWyNtplv,anonymous,EN,1,1,2,85,82,It has clearly identified the pedestrian so I believe it will make the correct judgements about the pedestrian.,,,,1,2,83,66,2,,52,4,,10
2/9/24 14:57,2/9/24 15:07,0,100,642,1,2/9/24 15:07,R_7LjLjNDWv4SeoiO,anonymous,EN,1,1,2,89,96,it marks that person with a box and they are pointing away,,,,1,2,50,21,1,,28,1,,12
2/9/24 15:01,2/9/24 15:08,0,100,399,1,2/9/24 15:08,R_616Qnlc6lFh4rEA,anonymous,EN,1,1,2,65,80,It recognizes the person and I believe it was track movement and respond accordingly.,,,,1,2,67,41,1,,46,4,,10
2/9/24 14:54,2/9/24 15:08,0,100,821,1,2/9/24 15:08,R_702awAAZ9uR3EQh,anonymous,EN,1,1,2,90,100,I believe that the autonomous vehicle has adequate software to detect other vehicles and pedestrians. The image above makes it very clear that the vehicle can detect other vehicles and pedestrians.,,,,1,2,75,20,1,,28,4,,13
2/9/24 15:02,2/9/24 15:08,0,100,387,1,2/9/24 15:08,R_57BcS7gNFePlvEV,anonymous,EN,1,1,2,,,,35,30,Because AI feels very unstable and it feels very experimental.,1,1,65,80,1,,25,3,,8
2/9/24 15:06,2/9/24 15:08,0,100,115,1,2/9/24 15:08,R_3HnX8Nt6Pp179D0,anonymous,EN,1,1,2,,,,85,80,Mostly perfect to creating AI software annotation.,1,1,73,85,1,,29,4,,10
2/9/24 15:06,2/9/24 15:10,0,100,213,1,2/9/24 15:10,R_1CQ8ErsjDzrBpSC,anonymous,EN,1,1,2,,,,10,0,"The screen does not show it recognizes the person on the left, it only sees the person on the right. If this person crosses they are likely to be hit by the car. ",1,1,65,20,2,,37,3,,13
2/9/24 15:07,2/9/24 15:10,0,100,171,1,2/9/24 15:10,R_1CHUjYJvU2orXX0,anonymous,EN,1,1,2,90,40,I don't fully trusted because the man walking on the crosswalk is not recognized. The person on the right has their back turned and talking to someone so it's unlikely they will cross the street.,,,,1,2,50,9,1,,36,1,,14
2/9/24 15:07,2/9/24 15:10,0,100,152,1,2/9/24 15:10,R_1uqdYnyUnCYY4lN,anonymous,EN,1,1,2,,,,90,76,Based on a street left and right edge are specific decision will taking,2,1,79,64,2,,27,4,,11
2/9/24 15:06,2/9/24 15:10,0,100,277,1,2/9/24 15:10,R_7kSwHz68oJGM7Mc,anonymous,EN,1,1,2,,,,23,11,"According to the image, the car does not seem to recognize the person on the left.",1,1,65,4,2,,75,3,,11
2/9/24 15:08,2/9/24 15:11,0,100,145,1,2/9/24 15:11,R_7GCa6ysREiLzKb7,anonymous,EN,1,1,2,91,90,Seeing the visual indicators and the boxes led me to believe it would be safe and okay at this point in the road.,,,,1,1,68,90,1,,36,4,,13
2/9/24 15:09,2/9/24 15:11,0,100,144,1,2/9/24 15:11,R_7E4RU7UpPifb7iv,anonymous,EN,1,1,2,86,81,The person is not facing the street. They aren't even looking across the street.,,,,1,2,53,32,2,,62,4,,13
2/9/24 15:01,2/9/24 15:11,0,100,578,1,2/9/24 15:11,R_5iyWLFJPDF3GIIO,anonymous,EN,1,1,2,,,,0,0,It sees and it created these annotations for cars up ahead however could not see the person walking close by on the left side.,1,1,61,30,1,,45,3,,14
2/9/24 15:06,2/9/24 15:12,0,100,363,1,2/9/24 15:12,R_72L1nP8czVGk4XJ,anonymous,EN,1,1,2,51,70,It's not entirely true I think that it can be detected but it could be. ,,,,1,2,84,34,1,,32,1,,13
2/9/24 15:08,2/9/24 15:12,0,100,228,1,2/9/24 15:12,R_3D1qHVVPDNsQwp6,anonymous,EN,1,1,2,,,,60,50,Since I didn't see the AI system place a marker on this individual I am uncertain if it will acknowledge their presence and make the necessary adjustment in this situation.,1,1,95,60,1,,42,1,,13
2/9/24 15:01,2/9/24 15:13,0,100,686,1,2/9/24 15:13,R_2TPKtda0ZOVjghH,anonymous,EN,1,1,2,,,,100,100,"Since it can detect cars, humans, edge of street, crosswalk and so on it will surely detect anything that wants to pass",1,1,79,80,1,,34,5,,10
2/9/24 14:56,2/9/24 15:13,0,100,988,1,2/9/24 15:13,R_6Et7Dbo9FrhH2n9,anonymous,EN,1,1,2,,,,10,20,"According to what the car sees, it doesn't see the pedestrian on the left is about to cross the street..",1,1,90,60,2,,63,3,,13
2/9/24 15:08,2/9/24 15:13,0,100,302,1,2/9/24 15:13,R_7mqMQv264CWAQU7,anonymous,EN,1,1,2,,,,10,10,The autonomous vehicle does not appear to have even recognized the person on the left (person is not boxed or tagged as a person). I do not trust it to know if the person will cross the street.,1,1,33,45,1,,62,4,,11
2/9/24 15:13,2/9/24 15:15,0,100,124,1,2/9/24 15:15,R_62EWiTrzS7ffEQt,anonymous,EN,1,1,2,42,81,"People are unpredictable. The person on the right could easily decide to quickly turn into the crosswalk or in front of it, or come in front of the car where he is harder to see, thus setting up a situation where the car may not have time to react or understand the person's intentions. Doubly so since they are using a phone.",,,,1,2,100,100,1,,43,4,,12
2/9/24 15:11,2/9/24 15:15,0,100,216,1,2/9/24 15:15,R_1OSZZFVzTFTf8Zw,anonymous,EN,1,1,2,65,65,"Since the person is highlighted, I can at least verify that it acknowledges that there's a person there and might be able to anticipate that person's moves.",,,,1,2,70,40,2,,47,1,,11
2/9/24 15:13,2/9/24 15:15,0,100,113,1,2/9/24 15:15,R_5SdPilKMIQdt48p,anonymous,EN,1,1,2,50,51,"I am not sure if it will be able to determine if that person isn't crossing because they are right near a cross walk. So, i am not sure how it will behave given how close the person is to the street and this is a difficult thing for it to understand",,,,1,2,73,51,1,,40,4,,12
2/9/24 15:10,2/9/24 15:15,0,100,328,1,2/9/24 15:15,R_5ISR6gQU5P8R083,anonymous,EN,1,1,2,50,100,"The person on the right could decide to cross the road, but I think the car will behave responsibly if he does.",,,,1,2,70,10,1,,39,1,,12
2/9/24 15:04,2/9/24 15:15,0,100,672,1,2/9/24 15:15,R_7rMGXgQ0G5PczFK,anonymous,EN,1,1,2,,,,0,0,"The vehicle has incorrectly identified a pedestrian as the ""edge of street"" and this could lead to a dangerous miscalculation.",1,1,65,60,1,,40,4,,13
2/9/24 15:13,2/9/24 15:16,0,100,197,1,2/9/24 15:16,R_1gFurLiNHLuwLJ3,anonymous,EN,1,1,2,90,85,The pedestrian is facing away from the crossing and is occupied talking to someone.,,,,1,2,75,75,1,,35,4,,12
2/9/24 15:12,2/9/24 15:16,0,100,293,1,2/9/24 15:16,R_1opxDrsLW7ZrdDu,anonymous,EN,1,1,2,,,,78,27,The person looks to be mid-stride so I believe they will cross the road. I would not be ab le to trust the car with the person so close.,1,1,36,22,2,,50,2,,14
2/9/24 15:12,2/9/24 15:19,0,100,413,1,2/9/24 15:19,R_6iJB7hkGm403xYG,anonymous,EN,1,1,2,88,89,"It's able to see the pedestrian thus making me reasonably confident that it won't hit him. Furthermore, it sees where the crosswalk is and the fact that the pedestrian is neither oriented towards crossing or nor is he reasonably near it, which would likely enable it to determine that the pedestrian is not going to cross presuming it has undergone inference training. ",,,,1,2,87,81,2,,25,5,,15
2/9/24 15:14,2/9/24 15:21,0,100,423,1,2/9/24 15:21,R_3qpxSPV8u9X2yRb,anonymous,EN,1,1,2,,,,0,0,"Everything in the picture is marked except for the person on the left, so I believe the car doesn't see him and won't take him into account in its decision making.",1,1,40,0,1,,42,4,,13
2/9/24 15:20,2/9/24 15:21,0,100,76,1,2/9/24 15:21,R_3n0bS3dxKNXlTrY,anonymous,EN,1,1,2,,,,28,28,It does not seem to identify the person on the left,1,1,57,57,1,,33,4,,12
2/9/24 14:51,2/9/24 15:21,0,100,1807,1,2/9/24 15:21,R_7qVhKLu2EFvcYhJ,anonymous,EN,1,1,2,88,92,The car identified the person and they don’t look interested in crossing anyway ,,,,1,2,81,83,2,,30,4,,10
2/9/24 15:20,2/9/24 15:22,0,100,134,1,2/9/24 15:22,R_7ztGBIO20bxO9oY,anonymous,EN,1,1,2,50,50,I have no idea. The car perceives a person but I have no reason to assume what the car intends that the person will do.,,,,1,2,31,13,1,,56,4,,10
2/9/24 15:21,2/9/24 15:22,0,100,99,1,2/9/24 15:22,R_1AEdCfX4DeX9Udj,anonymous,EN,1,1,2,,,,75,60,It seems the car knows to go straight and would know to avoid any oncoming pedistrians.,1,1,34,3,2,,34,4,,10
2/9/24 15:21,2/9/24 15:23,0,100,79,1,2/9/24 15:23,R_5oxeEa1rs8m85fH,anonymous,EN,1,1,2,,,,65,79,I think the technology is good. I would hope that the people working on this would be able to detect well.,1,1,70,49,2,,31,4,,10
2/9/24 15:21,2/9/24 15:23,0,100,104,1,2/9/24 15:23,R_11QRVwSg8m2wEj9,anonymous,EN,1,1,2,,,,0,0,The person on the left was not detected by the AI since there is no box or label associated with them.,1,1,10,10,1,,60,6,,13
2/9/24 15:17,2/9/24 15:23,0,100,381,1,2/9/24 15:23,R_7sM3oXhNEor3zMZ,anonymous,EN,1,1,2,39,97,"In all likelihood, the A.I. recognizes a person by that person's shape and height. However, I do not know whether the A.I. has been created to differentiate between a person in motion and a person momentarily stationary, and -- if so -- to respond differently to persons in motion and to stationary persons. Or whether the A.I. can discern, by reading a person's posture, his INTENT to begin moving. ",,,,1,2,24,8,1,,63,4,,14
2/9/24 15:21,2/9/24 15:23,0,100,96,1,2/9/24 15:23,R_3MoFCiNuXxfIPrk,anonymous,EN,1,1,2,,,,3,4,"This pedestrian is not outlined like the other on the right. So i dont think the ai ""sees"" him.",1,1,57,11,1,,34,6,,11
2/9/24 15:21,2/9/24 15:23,0,100,159,1,2/9/24 15:23,R_5SWwPHy0xaR2vfz,anonymous,EN,1,1,2,,,,89,97,It looks really detailed on obstacles and I believe the car would yield to the pedestrian. ,1,1,87,77,2,,41,4,,11
2/9/24 15:20,2/9/24 15:23,0,100,201,1,2/9/24 15:23,R_3v7gwjgU2KYWGVX,anonymous,EN,1,1,2,,,,5,12,"Pedestrian is not labeled, unless the pedestrian registers as they move I don't believe the car will stop.",1,1,71,76,2,,33,3,,14
2/9/24 15:21,2/9/24 15:23,0,100,138,1,2/9/24 15:24,R_6DtUxCWYeTF92U1,anonymous,EN,1,1,2,50,86,I am simply not sure if there is AI developed that is sophisticated enough to interpret such cues,,,,1,2,71,50,1,,38,5,,9
2/9/24 15:20,2/9/24 15:24,0,100,219,1,2/9/24 15:24,R_6OELljstYl4yaWZ,anonymous,EN,1,1,2,100,100,the person on the right is facing the opposite way of crossing the street,,,,1,2,80,75,2,,,3,,10
2/9/24 15:21,2/9/24 15:24,0,100,186,1,2/9/24 15:24,R_5dm34stUOx15BKe,anonymous,EN,1,1,2,56,63,Im not sure how much I can trust it because it didn't sense it too fully or exact.,,,,1,1,70,50,2,,27,3,,9
2/9/24 15:21,2/9/24 15:24,0,100,163,1,2/9/24 15:24,R_6v5BdOwrkDgkm0F,anonymous,EN,1,1,2,,,,18,50,Because the pedestrian is the only thing(person) that isn't labeled ,1,1,74,50,2,,45,1,,12
2/9/24 15:21,2/9/24 15:24,0,100,220,1,2/9/24 15:24,R_7v3bGSyuH6JxO3n,anonymous,EN,1,1,2,,,,17,29,On the picture the ai car doesn't show it senses the person walking across the street.,1,1,100,55,1,,31,3,,12
2/9/24 15:20,2/9/24 15:24,0,100,286,1,2/9/24 15:24,R_7jkVZM0UA0MM2OU,anonymous,EN,1,1,2,92,83,"The person on the left is not in a box so I assume the AI is not seeing him, so I gave a lower score. The person on the right is not facing traffic so it's reasonable to assume that he will not be crossing the street for the moment. ",,,,1,2,82,71,2,,58,1,,12
2/9/24 15:20,2/9/24 15:24,0,100,235,1,2/9/24 15:24,R_7KDCnLoz0gc3JUl,anonymous,EN,1,1,2,,,,10,5,It does not seem to acknowledge the person at all so I don't really trust it's judgement,1,1,63,42,2,,32,4,,11
2/9/24 15:21,2/9/24 15:25,0,100,218,1,2/9/24 15:25,R_7qyK3Z058Z7seMF,anonymous,EN,1,1,2,90,95,"The person is facing away from the street and not obviously moving towards the street. I assume the vehicle can detect this and will try to avoid him if he is in the vehicle's path. It depends on what the other person does, as if both are in the vehicle's path, it may not be able to avoid the other one.",,,,1,2,75,70,1,,44,4,,13
2/9/24 15:22,2/9/24 15:25,0,100,206,1,2/9/24 15:25,R_1O91UKBZK1jLiIH,anonymous,EN,1,1,2,,,,0,0,"In the image, the AI did not see a pedestrian. It saw the edge of the street.",1,1,50,0,2,,72,4,,12
2/9/24 15:23,2/9/24 15:25,0,100,145,1,2/9/24 15:25,R_5NzCFlUMd2ZIHgy,anonymous,EN,1,1,2,,,,11,11,It is not to be trusted. What if the technology goes bad? This is a profoundly stupid idea - driverless cars.,1,1,81,51,1,,42,4,,12
2/9/24 15:23,2/9/24 15:25,0,100,163,1,2/9/24 15:25,R_3GTzNgoqOGKNTQQ,anonymous,EN,1,1,2,,,,0,28,It doesn’t appear that it’s detected him at all.  There is no box or label on him,1,1,22,78,2,,53,3,,11
2/9/24 15:20,2/9/24 15:26,0,100,333,1,2/9/24 15:26,R_1ahQjxoIgDKABmt,anonymous,EN,1,1,2,,,,5,1,there is no box around the pedestrian according to the software ,1,1,61,35,2,,56,2,,15
2/9/24 15:20,2/9/24 15:26,0,100,315,1,2/9/24 15:26,R_3iLvhjjSktNygJB,anonymous,EN,1,1,2,86,77,"The autonomous vehicle labeled the pedestrian on the right, so I think it wouldn’t run the person over or injure them. Labeling indicates the autonomous vehicle is aware of the person’s presence and can anticipate their actions.",,,,1,2,65,72,2,,36,4,,15
2/9/24 15:23,2/9/24 15:26,0,100,176,1,2/9/24 15:26,R_1fydQNOO183LT9B,anonymous,EN,1,1,2,64,32,I am not sure the AI recognizes the person on the left is about to cross the road. The person on the right the AI seems to recognize and it does not anticipate it crossing the road.,,,,1,2,19,24,1,,36,4,,11
2/9/24 15:21,2/9/24 15:26,0,100,298,1,2/9/24 15:26,R_6gXLMA3ystCMVKV,anonymous,EN,1,1,2,42,83,"I am sure it will act appropriately with the pedestrian on the left because the car recognizes them as a person, but I do not trust it knows the person is not intending to cross. ",,,,1,2,49,54,1,,37,4,,12
2/9/24 15:23,2/9/24 15:26,0,100,170,1,2/9/24 15:26,R_1NeugW7Z7IFK6wJ,anonymous,EN,1,1,2,,,,81,50,I would still make sure that I do not hit the pedestrian even if the autonomous vehicle can detect them,1,1,94,93,1,,42,4,,14
2/9/24 15:23,2/9/24 15:26,0,100,215,1,2/9/24 15:26,R_6CUpyBvufkAAiF4,anonymous,EN,1,1,2,77,50,The AI software determined that the said pedestrian does not intend to cross the street. If it can react accordingly is another matter. ,,,,1,2,18,3,2,,39,5,,12
2/9/24 15:21,2/9/24 15:28,0,100,370,1,2/9/24 15:28,R_6VKpIhhtM3Jq1sX,anonymous,EN,1,1,2,,,,18,22,I don't think the car will detect the person because there isn't a box around him. I think that means the car doesn't see him.,1,1,56,50,2,,62,3,,12
2/9/24 15:21,2/9/24 15:28,0,100,440,1,2/9/24 15:28,R_5jZAIfeQ3JsKVCP,anonymous,EN,1,1,2,,,,57,38,"Because I think it could do it, but there is a change of it messing up.",1,1,61,61,1,,31,4,,14
2/9/24 15:21,2/9/24 15:29,0,100,491,1,2/9/24 15:29,R_5Vs6hYQs62LXkhv,anonymous,EN,1,1,2,,,,70,75,I would like to trust AI but I think humans are going to react much quicker and make a better judgement than AI,1,1,75,25,1,,42,1,,11
2/9/24 15:27,2/9/24 15:29,0,100,127,1,2/9/24 15:29,R_1bW8EF3TlPs7jyG,anonymous,EN,1,1,2,,,,84,66,I rated  belief around 25 because I am an AI and   have the ability to believe or perceive myself as playing with real people in the game.  function is to provide responses and assist users based on the programmed algorithms and data available to me.,1,2,41,74,2,,25,4,,8
2/9/24 15:22,2/9/24 15:29,0,100,447,1,2/9/24 15:30,R_7WuDIjtssF9nGcV,anonymous,EN,1,1,2,50,93,It was able to identify the pedestrian on the right so I trust it is aware of it currently but it may be possible to lose awareness of them since it is not aware of the one on the left for some reason. I think it can identify the pedestrian is not moving but I am not sure what would happen if they start moving because it hasn't IDed the walking pedestrian on the left for some reason.,,,,1,2,56,5,1,,34,3,,16
2/9/24 15:21,2/9/24 15:30,0,100,548,1,2/9/24 15:30,R_5JRscMPUxkLTMzC,anonymous,EN,1,1,2,,,,24,28,The pedestrian is not marked by a box so the AI software would likely miss them.,1,1,68,37,3,,32,4,,12
2/9/24 15:27,2/9/24 15:30,0,100,215,1,2/9/24 15:30,R_60obGQozFlrAlZP,anonymous,EN,1,1,2,,,,86,82,I think the direction we are headed this tech will fully be available and ready in a few years and be able to detect with no problems. ,1,1,99,80,1,,33,3,,10
2/9/24 15:28,2/9/24 15:31,0,100,182,1,2/9/24 15:31,R_1OdHVOIAVvcnZzM,anonymous,EN,1,1,2,,,,24,23,It does not seem to recognize it as a person yet. It only see the edge of the street.,1,1,77,0,2,,47,1,,14
2/9/24 15:21,2/9/24 15:32,0,100,674,1,2/9/24 15:32,R_5Nn9itp1LYI5uPC,anonymous,EN,1,1,2,5,18,Because the AI is only using directionless boxes to annotate the parts of the image it has no reference to what direction the pedestrian on the right is intending. This makes me think that the AI will not know how to negotiate this and either hesitate unnecessarily or drive through and cause what could be an accident if the person decided to cross. I'm assuming that there is some kind of system to calculate error to an extent so I accounted for a small probability that the AI will choose correctly.,,,,1,2,82,35,2,,41,4,,10
2/9/24 15:27,2/9/24 15:36,0,100,535,1,2/9/24 15:36,R_1Lb9fLhv88KRPcm,anonymous,EN,1,1,2,,,,34,40,I believe that the pedestrian on the left side of the image has entered far enough into the autonomous vehicle's field of view in order to be detected by said vehicle. Given that it has yet to detect said pedestrian is trouble and indicates a high degree of likelihood that an accident will happen. ,1,1,75,65,1,,37,4,,10
2/9/24 15:34,2/9/24 15:37,0,100,181,1,2/9/24 15:37,R_6uL4lyIa8eL4YHV,anonymous,EN,1,1,2,75,86,"The pedestrian on the right appears to not be crossing, and is facing away from the road. The car his rightly marked it yellow, tentative.",,,,1,2,57,64,1,,36,2,,15
2/9/24 15:32,2/9/24 15:38,0,100,341,1,2/9/24 15:38,R_3hNlfZPtxgudCck,anonymous,EN,1,1,2,,,,89,61,Because the person is on the zebra crossing hence that means he wants to cross the road.,1,1,100,100,2,,36,6,,11
2/9/24 15:34,2/9/24 15:38,0,100,216,1,2/9/24 15:38,R_1TCbyVOjzjlFIE0,anonymous,EN,1,1,2,64,70,"I think the vehicle will know that it does not need to stop for the person on the right and will continue through the crosswalk. It can likely detect motion, so as long as that person is not moving towards the road, then the car will know they are not going to cross the street. ",,,,1,2,85,15,2,,40,4,,11
2/9/24 15:36,2/9/24 15:39,0,100,146,1,2/9/24 15:39,R_6oiNcSYgt75SJ9r,anonymous,EN,1,1,2,12,13,I don't have any reason to believe the AI can judge a pedestrian's intent. Just because it recognizes a person doesn't mean it understands what it means that the person is facing away from the street.,,,,1,2,85,67,2,,40,4,,14
2/9/24 15:28,2/9/24 15:39,0,100,636,1,2/9/24 15:39,R_14gZ4B72qUXJxC1,anonymous,EN,1,1,2,,,,0,80,The person on left is not detected by the AI software which gives me doubts but they certainly look like they are crossing.,1,1,71,42,1,,29,4,,10
2/9/24 15:21,2/9/24 15:39,0,100,1122,1,2/9/24 15:39,R_6aF0Flf0F4UfGgN,anonymous,EN,1,1,2,75,45,"I don't really know anything about the programming or logic that the car will follow, so I can't really trust it. I know it can see the pedestrian, and I think it's likely it knows he's not facing the other side of the street as though he intends to cross.",,,,1,2,55,55,1,,36,4,,11
2/9/24 15:39,2/9/24 15:39,0,100,49,1,2/9/24 15:39,R_7RyYTqOfkXHewH6,anonymous,EN,1,1,2,,,,53,54,It is a gut feeling to the questions for me. nothing more to it whatsoever,1,2,73,83,1,,44,4,,11
2/9/24 15:38,2/9/24 15:40,0,100,144,1,2/9/24 15:40,R_325B63PaOuqGgrb,anonymous,EN,1,1,2,,,,0,0,"the person on the left was not in a box, so the ai did not detect the person, and therefore it will treat it as if the person is not there",1,1,62,50,1,,33,4,,14
2/9/24 15:35,2/9/24 15:41,0,100,380,1,2/9/24 15:41,R_62nABgGWjzIUZOX,anonymous,EN,1,1,2,75,75,"The self-driving car seems to identify that there is a person to the right that isn't actively moving. I'd assume that the software would see that the man isn't moving and adjust accordingly; however, I'm not completely sure that this would happen.",,,,1,2,70,25,1,,34,3,,12
2/9/24 15:37,2/9/24 15:43,0,100,373,1,2/9/24 15:43,R_523IcirqFeDWC0s,anonymous,EN,1,1,2,88,85,since it can easily detect the cross work .I think it will be much more easier to detect any pedestrian crossing it ,,,,1,1,82,90,1,,27,5,,11
2/9/24 15:39,2/9/24 15:46,0,100,412,1,2/9/24 15:46,R_5q3zG9wjtjvndZh,anonymous,EN,1,1,2,85,90,"The AI recognizes the shape of the stationary person on the right facing away from the street. It reads the position of the person as ""does not intend to cross the street.""",,,,1,2,70,5,1,,74,5,,11
2/9/24 15:45,2/9/24 15:48,0,100,181,1,2/9/24 15:48,R_7SMxG9hs70nPn2h,anonymous,EN,1,1,2,0,0,"it doesnt see the person on the left, so i dont think it would know the person on the right would cross",,,,1,2,100,100,2,,31,1,,12
2/9/24 15:44,2/9/24 15:50,0,100,332,1,2/9/24 15:50,R_7lxBp97mEYiviwA,anonymous,EN,1,1,2,0,0,"because it doesnt know there is a person on the left, i dont think it notice that the person on the right could cross",,,,1,2,100,100,2,,56,4,,13
2/9/24 15:51,2/9/24 15:53,0,100,116,1,2/9/24 15:53,R_3jVW3zE8JvMYDk9,anonymous,EN,1,1,2,,,,38,55,I do not think AI can predict human action. Humans are not predictable when compared to a machine.,1,1,77,46,2,,23,5,,11
2/9/24 15:51,2/9/24 15:53,0,100,135,1,2/9/24 15:53,R_5c2BN4PbnDabPpg,anonymous,EN,1,1,2,99,80,"The car might stop in case it thinks the pedestrian is trying to walk across. I think it's better to stop and be wrong taht the person is trying to cross, than not stopping in case they do try to cross. I believe the car would be more safe than sorry. ",,,,1,2,65,0,1,,31,4,,10
2/9/24 15:51,2/9/24 15:54,0,100,179,1,2/9/24 15:54,R_5h0CwZV4MA2LxUB,anonymous,EN,1,1,2,,,,0,3,There is no box around the pedestrian on the left to show that the car can see him. The pedestrian has already entered the crosswalk and is in the process of crossing the street.,1,1,25,10,1,,28,4,,14
2/9/24 15:52,2/9/24 15:54,0,100,123,1,2/9/24 15:54,R_17eQ5Q2cCgtLbep,anonymous,EN,1,1,2,30,22,The car has already failed to identify the pedestrian even though it is within range when you think about the other objects in the environment it sees.,,,,1,2,69,69,1,,29,3,,14
2/9/24 15:50,2/9/24 15:54,0,100,237,1,2/9/24 15:54,R_1kLMBZJukvCpwKB,anonymous,EN,1,1,2,,,,30,15,"It should have detected the person already, so I have doubts that it will predict his behavior correctly.",1,1,75,40,1,,35,1,,13
2/9/24 15:52,2/9/24 15:55,0,100,155,1,2/9/24 15:55,R_6fGLMkx32pDlDOh,anonymous,EN,1,1,2,,,,67,78,Based on Ai crosses camera angle should making different in all sides left and right side both sides are different views,2,1,82,53,1,,35,4,,11
2/9/24 15:51,2/9/24 15:55,0,100,184,1,2/9/24 15:55,R_1HFkL3oI9S1ks9l,anonymous,EN,1,1,2,91,92,"Sicne  this is AI and assuming it is a stable system with no glitchs, should be reliable.",,,,1,2,59,47,2,,86,3,,12
2/9/24 15:52,2/9/24 15:55,0,100,153,1,2/9/24 15:55,R_3foF7w0mHZl4BQ5,anonymous,EN,1,1,2,92,80,The person on the right is on a cell phone. This person will likely step up on the sidewalk but nothing is a guarantee with human behavior.,,,,1,2,21,8,2,,41,5,,14
2/9/24 15:52,2/9/24 15:55,0,100,181,1,2/9/24 15:55,R_57DX4DCod5PsTFy,anonymous,EN,1,1,2,,,,0,0,Judging by the annotations the car is not sensing the pedestrian at all and I fear the pedestrian will be hit unless it takes evasive act,1,1,49,9,1,,56,4,,10
2/9/24 15:52,2/9/24 15:55,0,100,188,1,2/9/24 15:55,R_6pzKv7PXjC9cb2F,anonymous,EN,1,1,2,,,,100,100,"Due to the person being in motion, I believe the AI will see that they're intending to cross as their boundary lines keep shifting and it will make the vehicle stop before anything happens.",1,1,100,100,1,,22,1,,14
2/9/24 15:52,2/9/24 15:55,0,100,199,1,2/9/24 15:55,R_1PAgGpPtA5UtDe9,anonymous,EN,1,1,2,,,,22,23,"The pedestrian is outside the edge of the self-driving car's periphery,",1,1,17,8,2,,40,5,,13
2/9/24 15:51,2/9/24 15:55,0,100,239,1,2/9/24 15:55,R_7Pt1UadhVk2kE3C,anonymous,EN,1,1,2,64,63,The pedestrian is turned towards the curb but that is no guarantee that he won't turn around and begin to cross the street.,,,,1,1,41,50,2,,69,2,,12
2/9/24 15:54,2/9/24 15:56,0,100,101,1,2/9/24 15:56,R_30BJjc3kabvoqPl,anonymous,EN,1,1,2,,,,69,74,"Lucy highlighted the importance of SPF ratings for sunscreen effectiveness, with higher SPFs offering better protection. She argued that the black and white nature of effectiveness is due to the clear link between SPF levels and protection against UV rays.",1,2,43,61,2,,28,4,,8
2/9/24 15:51,2/9/24 15:56,0,100,281,1,2/9/24 15:56,R_1TmS7DexWXLbyjD,anonymous,EN,1,1,2,45,86,I think AI just see a person on the corner of crosswalk but can not determine the intention of pedestrain.,,,,1,2,81,73,1,,20,3,,12
2/9/24 15:51,2/9/24 15:57,0,100,336,1,2/9/24 15:57,R_6c2gQYLy8yzJugC,anonymous,EN,1,1,2,30,75,"I am unsure if AI is able to determine which direction a person is facing, especially if they are not currently moving.  It does not appear that the AI has detected that there is a second person standing with the pedestrian on the right.  But, even if it did detect this person, I am still unsure that AI can detect or predict these pedestrian's intentions.",,,,1,2,65,35,2,,54,5,,10
2/9/24 15:52,2/9/24 15:57,0,100,326,1,2/9/24 15:57,R_7emkYf34v5BQeTM,anonymous,EN,1,1,2,95,95,"The car obviously recognizes the person on the right, although it doesn't seem to notice the person on the left.",,,,1,2,70,30,2,,38,4,,12
2/9/24 15:57,2/9/24 15:58,0,100,80,1,2/9/24 15:58,R_1lyLGhFvaL4oDSp,anonymous,EN,1,1,2,,,,0,0,It hasn't highlighted the person to show it recognizes him.,1,1,74,53,1,,39,4,,10
2/9/24 15:50,2/9/24 16:00,0,100,611,1,2/9/24 16:00,R_60wVa0yalLvKMsy,anonymous,EN,1,1,2,,,,7,3,"I don't think AI picked up the person walking, it didn't show that on the screen, maybe it juct located big objects.",1,1,38,10,1,,64,1,,11
2/9/24 15:56,2/9/24 16:00,0,100,260,1,2/9/24 16:00,R_6fILWLKNHMYm38J,anonymous,EN,1,1,2,79,86,GO TO STRIGHT I SEE THE CAR CROSS. THE SINGNEL IN THE POWER,,,,1,1,71,86,1,,57,6,,11
2/9/24 15:53,2/9/24 16:03,0,100,610,1,2/9/24 16:03,R_1V0S8RZmRon49Z7,anonymous,EN,1,1,2,90,85,"No matter how good the analysis of the autonomous vehicle software is, I cannot have full confidence that it will act appropiately around the pedestrian, because the pedestrian can at any time have a sudden, unexpected intention to cross the pedestrian crossing, confusing the autonomous vehicle software.",,,,1,2,98,95,1,,70,4,,10
2/9/24 16:06,2/9/24 16:08,0,100,150,1,2/9/24 16:08,R_11QHd5BXRnDgWQN,anonymous,EN,1,1,2,,,,36,64,"I am confident the car will not collide with the person because it can immediately sense and react if the person gets too close. I don't think the car has any special predictive ability, however.",1,1,29,18,1,,36,4,,9
2/9/24 16:06,2/9/24 16:09,0,100,214,1,2/9/24 16:09,R_6VOzAb0jgO60T3a,anonymous,EN,1,1,2,,,,0,0,The man on the left is clearly in a walking position with his eyesight focus on crossing the intersection. Everything including his posture is signaling that this man is intended to walk across the street.,1,1,80,60,1,,44,4,,14
2/9/24 14:49,2/9/24 14:50,0,96,95,0,2/9/24 18:43,R_6fiv04rqO6sRMsp,anonymous,EN,1,1,2,,,,99,85,The self-driving car can see the pedestrian in clear view.  I fully expect the car to stop for the person in the crosswalk.,1,1,44,27,1,,37,5,,10
2/9/24 14:59,2/9/24 17:07,0,96,7711,0,2/9/24 18:43,R_7PQT5XLg3CxL3oe,anonymous,EN,1,1,2,,,,12,13,The person on the left did not have a box around it so it means the car did not recognize him. ,1,1,89,84,1,,35,4,,13
2/9/24 14:52,2/9/24 14:53,0,96,69,0,2/9/24 18:43,R_5mkMHy8WSUOwilN,anonymous,EN,1,1,2,57,52,Recognizing many different things doesn’t indicate correct decisions. ,,,,1,2,64,62,1,,42,4,,13
2/9/24 14:49,2/9/24 14:58,0,96,543,0,2/9/24 18:43,R_5IcRtSdDCPmgZNM,anonymous,EN,1,1,2,,,,20,25,"The pedestrian actually intends to cross the road. If the AI cannot detect that, then it poses more risk",1,1,86,90,1,,32,4,,10
2/9/24 14:57,2/9/24 15:01,0,96,245,0,2/9/24 18:43,R_3FbJJPRNH6XAgbJ,anonymous,EN,1,1,2,,,,70,74,The fact that it can see the whole crosswalk and its borders and knows where the person is would indicate to me that it would also be able to detect if the person was indeed moving towards the opposite side of the street.,1,1,52,44,1,,38,4,,11
2/9/24 15:52,2/9/24 15:56,0,96,215,0,2/9/24 18:43,R_6JPdAAKu1Zgmf9E,anonymous,EN,1,1,2,33,37,The person on the right is very close to the edge of the road and would be hard to tell if they will go into the road inless they were actively moving towrd the sidewalk,,,,1,2,29,5,1,,49,4,,10